LE,gammaE,loglik
14.159491,0.49940348,-703.2758
19.099155,0.48382354,-705.99097
17.941824,0.47331792,-705.23846
14.8932085,0.4513244,-704.23096
12.794163,0.4985872,-703.0211
13.89135,0.53603876,-703.10706
13.651149,0.4718283,-703.52734
14.035334,0.54771453,-703.23267
11.588742,0.5741495,-702.96643
13.961744,0.49876583,-703.2251
10.335037,0.5751262,-703.35925
10.392893,0.5991147,-703.6304
10.326976,0.50624424,-703.4
8.172502,0.46421307,-705.8363
8.294481,0.44112334,-706.1714
9.180919,0.57207143,-704.26917
9.925686,0.5678476,-703.55853
11.591885,0.6517393,-704.65247
10.610067,0.62963796,-704.1521
12.218048,0.4736195,-703.4088
14.954979,0.55169535,-703.7493
14.245655,0.5449773,-703.30396
13.395815,0.478825,-703.36475
15.264526,0.49939314,-703.688
9.566527,0.60912377,-704.4053
13.31123,0.42535043,-704.7347
13.31123,0.42535043,-704.7347
12.767364,0.4424529,-704.16565
15.6791935,0.48577097,-703.9614
14.73449,0.43331185,-704.6726
17.26597,0.49404597,-704.77966
16.269106,0.49660158,-704.19446
14.2929945,0.42784953,-704.76
14.07808,0.44554198,-704.19556
11.081545,0.5777623,-703.0885
11.081545,0.5777623,-703.0885
11.211697,0.5748248,-703.02905
12.113418,0.5231227,-702.8042
10.868563,0.60249734,-703.4896
11.124097,0.5857786,-703.17035
11.164976,0.59223515,-703.24976
12.642714,0.59955645,-703.4575
11.306708,0.65524364,-704.7573
11.563499,0.6521963,-704.665
11.889322,0.63727343,-704.2324
11.681795,0.5564453,-702.82837
15.39969,0.5344475,-703.8255
13.432543,0.5072676,-703.0308
12.519247,0.55970085,-702.87445
12.751802,0.5144972,-702.87695
11.814476,0.5945006,-703.2283
13.796131,0.47802567,-703.44586
10.9513855,0.61684287,-703.7448
11.038358,0.59610516,-703.33716
9.275831,0.55574006,-704.0464
12.996358,0.5908893,-703.4025
10.955,0.6483335,-704.5698
12.633544,0.6031283,-703.53015
15.699839,0.39309332,-706.37463
14.675234,0.4465423,-704.2919
12.527342,0.5139482,-702.86383
13.33727,0.5498907,-702.99207
11.813535,0.5315331,-702.7897
10.999277,0.6176775,-703.7512
13.00228,0.48282614,-703.2539
11.891656,0.48906025,-703.163
13.379824,0.54958737,-703.0031
11.952692,0.6272955,-703.9573
8.915134,0.6143486,-705.2661
16.10473,0.5719029,-704.9929
15.532487,0.57004875,-704.47534
11.770691,0.46042833,-703.7484
16.51578,0.54692084,-704.7671
13.37032,0.4473565,-704.0536
13.815845,0.6170989,-704.48724
13.815845,0.6170989,-704.48724
13.526604,0.4143946,-705.1523
16.57497,0.53299725,-704.5885
9.484007,0.5342862,-703.8086
12.434687,0.5165234,-702.8428
10.911276,0.58966786,-703.27844
8.406229,0.6148529,-706.0757
9.021671,0.5519815,-704.301
14.073973,0.4721556,-703.60333
9.655384,0.55890006,-703.71234
8.7104225,0.47899333,-704.9951
10.730624,0.50471914,-703.2346
8.811119,0.5171507,-704.52856
13.283587,0.5930956,-703.56177
10.113466,0.59183425,-703.6851
13.06683,0.4965733,-703.0713
12.851945,0.5194253,-702.86127
13.107805,0.5162305,-702.9147
15.009209,0.5828593,-704.3811
13.784535,0.528465,-703.05383
14.141762,0.52800936,-703.1789
13.848814,0.55600774,-703.2295
13.294661,0.5275835,-702.9181
10.641078,0.4799301,-703.63306
12.879617,0.46618924,-703.5597
14.860659,0.5540785,-703.725
11.453896,0.46086153,-703.7948
13.836496,0.5420044,-703.1141
13.205635,0.50460625,-703.0102
9.844859,0.5682468,-703.62134
10.853334,0.52458173,-703.027
12.772207,0.58330625,-703.1997
12.892029,0.50788236,-702.9397
12.637376,0.56998396,-702.9896
10.070339,0.54327303,-703.364
10.359018,0.49329832,-703.54224
11.427214,0.5232609,-702.87695
10.689908,0.55040556,-703.0498
10.235752,0.5497656,-703.2717
9.675953,0.55571705,-703.67993
11.682113,0.56558645,-702.8844
13.3734455,0.50494176,-703.0369
11.295212,0.55703336,-702.8869
11.554144,0.5483667,-702.8147
11.988539,0.5871079,-703.12085
9.609357,0.5911141,-704.0659
11.34551,0.5412983,-702.8429
14.336697,0.5008125,-703.3207
8.28342,0.52253205,-705.1918
14.08945,0.5674112,-703.4876
14.08945,0.5674112,-703.4876
9.729251,0.5552132,-703.63477
11.636604,0.40875745,-705.46326
16.290028,0.45227087,-704.6808
13.517844,0.5048958,-703.0665
16.267916,0.41713357,-705.5951
11.949566,0.60006833,-703.3338
12.486754,0.46290106,-703.6291
8.43149,0.47681943,-705.33325
9.809148,0.59711087,-703.98413
11.125139,0.54880834,-702.90076
11.621227,0.5878267,-703.1285
11.8905735,0.54176086,-702.7745
12.897728,0.5930543,-703.4093
13.395406,0.46066594,-703.72284
11.449236,0.56163055,-702.8836
13.271767,0.5365426,-702.91724
11.608566,0.5008812,-703.03955
10.823607,0.47115597,-703.7367
9.237747,0.5777768,-704.26697
9.730906,0.5093688,-703.736
13.197527,0.4956317,-703.09937
12.506359,0.5951695,-703.3347
16.830494,0.4868077,-704.53394
11.812262,0.5834878,-703.0646
11.020739,0.5653912,-703.00024
12.830936,0.5836662,-703.22217
12.681714,0.5831727,-703.1737
13.852192,0.5202926,-703.0795
10.31704,0.5121708,-703.34894
11.778555,0.67269427,-705.47034
11.076557,0.6892994,-706.0821
13.356356,0.55328864,-703.0222
12.636174,0.5199054,-702.8362
12.015425,0.56475914,-702.87
14.718217,0.5118211,-703.4114
16.400492,0.45939794,-704.6
13.456205,0.46388167,-703.6587
13.915764,0.46094906,-703.79236
12.785418,0.49294066,-703.0896
11.454393,0.4305589,-704.67664
11.459709,0.42411962,-704.9013
11.866764,0.57306683,-702.9431
11.565084,0.5637133,-702.8818
10.662791,0.5320225,-703.0695
10.330584,0.52383953,-703.2606
12.122539,0.56649685,-702.88855
8.258715,0.45344955,-705.9349
16.174221,0.6005835,-706.0004
12.911568,0.63598275,-704.5553
13.009285,0.65609443,-705.37
11.575325,0.5426318,-702.80426
12.404904,0.55389327,-702.82324
11.98881,0.5434043,-702.77234
12.866373,0.5464959,-702.8572
11.421584,0.49672487,-703.12726
13.480462,0.54729533,-703.02045
10.175817,0.60222185,-703.8052
13.493501,0.55326635,-703.06744
13.163887,0.5522447,-702.9578
11.322589,0.54742587,-702.8521
13.048279,0.54958504,-702.9116
11.94882,0.53554565,-702.7733
13.270359,0.54454875,-702.9431
12.255602,0.5243354,-702.79785
10.778667,0.58212,-703.229
11.733341,0.54518336,-702.78894
12.070568,0.5930648,-703.22144
9.654039,0.51693195,-703.736
10.113998,0.5145569,-703.4422
10.726788,0.48546398,-703.5026
12.390944,0.50047684,-702.9832
13.221539,0.4675084,-703.5559
13.017892,0.47261307,-703.43604
11.789987,0.6030548,-703.3801
10.9692335,0.5699173,-703.0483
10.498962,0.5446361,-703.1266
13.463352,0.53140867,-702.9604
12.484683,0.50031316,-702.98627
12.232674,0.5991759,-703.3535
13.016793,0.48069018,-703.2902
10.127599,0.66305536,-705.3751
9.8125515,0.5461886,-703.5449
13.085445,0.6159083,-704.0241
11.591273,0.49149197,-703.1686
14.740351,0.4929455,-703.52136
13.471378,0.48432612,-703.2898
13.385752,0.46722937,-703.57947
13.104621,0.4467458,-704.0515
11.47805,0.42719036,-704.7882
11.383187,0.48327884,-703.3426
15.649973,0.4779332,-704.02655
10.568523,0.69025815,-706.2031
13.078368,0.45838267,-703.74854
14.12389,0.5804905,-703.7362
9.949754,0.5020054,-703.66113
13.971668,0.5153991,-703.1289
12.999466,0.6038282,-703.67725
11.397238,0.5652155,-702.9149
12.862275,0.54927015,-702.869
11.061385,0.5835945,-703.1586
8.902384,0.53136444,-704.3922
13.80154,0.6063018,-704.1575
13.517312,0.6160288,-704.2626
10.396257,0.4766221,-703.8009
10.440073,0.5082159,-703.32404
11.945686,0.44764364,-704.06226
11.864,0.46220732,-703.6925
16.599356,0.5308441,-704.5781
16.899021,0.54158,-704.9744
10.817527,0.56464326,-703.061
11.675658,0.5758112,-702.9773
12.7532625,0.49366316,-703.0781
13.820823,0.56807095,-703.3658
14.088772,0.4472208,-704.15283
12.8032875,0.62493026,-704.1522
15.0251665,0.5199401,-703.5482
15.282274,0.47458088,-703.92444
14.016517,0.4587551,-703.8594
13.269951,0.52763957,-702.91235
12.064307,0.55858964,-702.8281
9.5967,0.554353,-703.74054
16.141369,0.5325879,-704.2782
16.18362,0.5238512,-704.2223
16.32937,0.53394336,-704.42444
15.766878,0.49608377,-703.937
12.321182,0.5037917,-702.94727
14.139159,0.5598497,-703.4071
17.467234,0.44683364,-705.2949
15.36208,0.5145081,-703.7071
10.816946,0.55410665,-703.0108
14.635129,0.54725665,-703.5168
13.344761,0.4511002,-703.9513
13.789124,0.42887387,-704.6554
10.270984,0.6589782,-705.15594
13.464998,0.48789924,-703.23816
11.606625,0.56269807,-702.8706
12.122819,0.546568,-702.77795
13.064045,0.5335274,-702.8667
11.182243,0.58548737,-703.15393
12.571156,0.44304618,-704.1504
11.437476,0.46760604,-703.6413
11.159432,0.49575382,-703.20386
10.571638,0.4925691,-703.45483
12.094637,0.4659111,-703.58154
17.241999,0.5669424,-705.9109
16.129862,0.5347181,-704.2951
17.000084,0.4493402,-705.0359
8.177887,0.6635903,-707.9897
7.1628647,0.61982673,-709.14264
8.416188,0.5439576,-705.04614
9.371714,0.5396344,-703.9076
14.781847,0.5822459,-704.1992
17.560022,0.52360505,-705.2063
15.04557,0.4887417,-703.6725
12.015952,0.51220554,-702.8789
12.189411,0.57885957,-703.02527
11.171563,0.5040624,-703.09686
12.225376,0.5824404,-703.07666
15.618226,0.53885764,-704.0039
7.696407,0.60054314,-707.1858
8.570824,0.5538008,-704.88257
22.784874,0.48096755,-708.9386
8.983087,0.48986894,-704.5737
8.541063,0.48994884,-705.0421
12.883241,0.50647444,-702.95056
11.550935,0.54868215,-702.8158
11.407014,0.5532674,-702.851
11.685062,0.5786682,-703.0082
12.51219,0.47995734,-703.28076
11.622444,0.4851501,-703.2636
14.351581,0.5741709,-703.7473
9.265693,0.5607297,-704.08594
15.003634,0.63692546,-706.302
15.003634,0.63692546,-706.302
13.540781,0.57895017,-703.4086
10.462534,0.52866817,-703.17163
10.742901,0.53726476,-703.0248
13.440394,0.566043,-703.1787
11.39723,0.54495394,-702.83435
12.593267,0.54433495,-702.80615
11.340047,0.51332283,-702.9641
11.364414,0.5579753,-702.8779
11.343819,0.52093977,-702.9076
12.13657,0.57850856,-703.01575
11.054049,0.54106075,-702.9148
14.887021,0.49193418,-703.58386
11.084382,0.596425,-703.33105
14.706024,0.57577795,-704.0026
13.844645,0.53823054,-703.09875
12.209148,0.524387,-702.7974
12.729628,0.5582959,-702.8995
9.445435,0.5995333,-704.35254
12.852558,0.5702128,-703.0415
11.466793,0.5387912,-702.8215
12.759315,0.5709827,-703.0276
10.371855,0.577603,-703.3631
11.965007,0.5019788,-702.9828
12.197714,0.54250324,-702.7718
10.598725,0.5005566,-703.3367
11.672365,0.53105754,-702.80566
15.636372,0.43175524,-704.95026
13.450425,0.48378542,-703.29443
11.1873,0.3882862,-706.47156
11.136185,0.4104224,-705.5001
10.0569,0.46062952,-704.3109
13.0335655,0.47819078,-703.3344
11.989962,0.464156,-703.6318
12.560162,0.5038828,-702.95056
12.712841,0.56465095,-702.9503
11.1664715,0.59384406,-703.27344
9.934384,0.5754614,-703.61664
13.978975,0.50001854,-703.21906
10.866231,0.51488304,-703.08704
9.023351,0.46807066,-704.87744
12.496387,0.60665214,-703.5679
13.737556,0.49605808,-703.1951
8.188232,0.6121597,-706.4154
14.770796,0.45356792,-704.14685
13.218251,0.44051704,-704.2377
15.696051,0.47775507,-704.0479
9.806209,0.6058289,-704.1327
15.247515,0.40058044,-705.9554
13.186026,0.39354652,-706.02783
11.052596,0.44011962,-704.46564
12.773867,0.3851302,-706.43665
15.399447,0.5515942,-704.02936
13.716829,0.5757923,-703.4366
10.122599,0.5493855,-703.33875
12.783699,0.61172754,-703.78296
10.466711,0.6314241,-704.2583
10.56283,0.5118616,-703.23334
10.385367,0.4804329,-703.73553
13.923202,0.60979456,-704.3364
11.891571,0.5224102,-702.819
12.029356,0.54089063,-702.7693
12.995434,0.5138023,-702.91064
16.6125,0.4513964,-704.82983
15.86001,0.46831855,-704.2372
13.051029,0.45738992,-703.7709
14.273268,0.484254,-703.4677
13.838754,0.54309666,-703.1211
14.276147,0.45660022,-703.9601
11.856642,0.5854019,-703.0909
9.978108,0.5046929,-703.6144
15.374714,0.56975377,-704.3483
14.118631,0.57362354,-703.6046
12.605485,0.50150186,-702.9773
12.65675,0.49850276,-703.01324
12.757435,0.55212265,-702.8641
12.277313,0.47555104,-703.36774
9.82696,0.6291819,-704.60986
15.658338,0.5676433,-704.5188
12.211783,0.5039623,-702.9473
12.607603,0.5890296,-703.25
10.8640785,0.55150604,-702.9865
14.785485,0.6012717,-704.7215
10.306071,0.5205426,-703.2926
11.972223,0.5275358,-702.79114
13.497674,0.50444204,-703.0659
12.215782,0.50859463,-702.902
13.594534,0.5430889,-703.0343
11.045692,0.55399716,-702.93616
11.134668,0.56852305,-702.9923
10.230553,0.63123995,-704.3779
9.931109,0.6260378,-704.453
11.160324,0.5811134,-703.1061
10.600151,0.545717,-703.08093
14.079003,0.54843676,-703.2577
11.768219,0.49304768,-703.1188
11.252552,0.5501694,-702.87256
13.391411,0.616112,-704.1913
12.50046,0.6013401,-703.4547
11.081211,0.5320782,-702.9225
11.081211,0.5320782,-702.9225
12.715581,0.5435092,-702.8209
11.28342,0.4851025,-703.3346
12.669058,0.5395402,-702.8059
15.110087,0.4815754,-703.7719
16.188953,0.50375617,-704.14307
10.868941,0.5680951,-703.0665
11.1960945,0.59071845,-703.2216
15.352751,0.47411394,-703.95703
16.051268,0.45913282,-704.45996
12.649337,0.47689268,-703.3375
13.008932,0.5954142,-703.4966
10.483249,0.5393191,-703.13525
13.69792,0.5870821,-703.63635
9.975407,0.5454007,-703.428
11.738255,0.5774568,-702.9923
11.445917,0.5874022,-703.13696
14.184478,0.60445935,-704.3602
13.6456785,0.49879366,-703.1474
13.788456,0.5501656,-703.1511
10.812906,0.47832164,-703.59766
10.995418,0.5365937,-702.9373
13.087891,0.5777208,-703.21124
13.966,0.58422494,-703.72205
14.065214,0.6440944,-705.6917
11.228652,0.4344292,-704.59906
14.771955,0.6298559,-705.7511
13.19765,0.6049827,-703.792
10.65549,0.5613298,-703.1049
14.170727,0.5401074,-703.237
11.761751,0.56157345,-702.8513
13.641339,0.5669147,-703.27026
13.7867565,0.5631178,-703.2839
12.004227,0.55130804,-702.792
12.078787,0.48002198,-703.29663
10.721538,0.5618752,-703.08093
9.879447,0.46690512,-704.2715
13.554179,0.57209015,-703.3058
11.911101,0.4904171,-703.1403
11.767057,0.47483307,-703.4301
13.051937,0.43602207,-704.3678
10.400879,0.59393895,-703.54724
9.700859,0.47927135,-704.147
13.613689,0.5342499,-703.0084
13.449652,0.53721184,-702.9667
13.449652,0.53721184,-702.9667
12.294449,0.5098671,-702.8898
10.163945,0.48654106,-703.74445
10.964284,0.45899418,-703.96844
10.679099,0.44944674,-704.3157
10.545774,0.46654782,-703.9429
12.6555,0.6072807,-703.6303
10.744911,0.47362408,-703.71423
10.596765,0.45348376,-704.2385
11.75185,0.53745216,-702.78503
13.898771,0.5205023,-703.09375
14.454006,0.51461375,-703.3001
12.043673,0.5690806,-702.9079
12.418475,0.49354234,-703.06934
12.075554,0.60912144,-703.5316
13.228879,0.47631347,-703.3869
11.894994,0.55606705,-702.81445
10.788013,0.529354,-703.0292
11.012693,0.57818633,-703.1112
11.858338,0.53096145,-702.7876
12.648849,0.6091777,-703.6726
13.283997,0.5743528,-703.2312
12.037426,0.5842195,-703.0829
11.071937,0.6090192,-703.5558
14.249085,0.5742366,-703.6887
10.579149,0.5397944,-703.09033
11.340163,0.5323215,-702.8573
12.539671,0.48775473,-703.1531
16.193054,0.4852709,-704.20654
14.003256,0.44939268,-704.0818
13.613508,0.52882683,-703.00146
11.847941,0.47131047,-703.49097
10.5958805,0.42715994,-705.03754
10.518681,0.4362159,-704.76776
10.162278,0.5678333,-703.4
13.611772,0.5668223,-703.2566
12.257261,0.59651077,-703.30786
10.000766,0.6071754,-704.00867
10.950409,0.6301228,-704.0575
11.990376,0.6236651,-703.8667
13.514199,0.5179616,-702.99176
13.077991,0.55255246,-702.93713
12.508444,0.5016514,-702.97205
14.421017,0.5368806,-703.3286
12.256391,0.59540886,-703.28766
13.131324,0.51798314,-702.9104
13.667618,0.55801594,-703.1759
12.536114,0.47658262,-703.3422
13.940185,0.4664355,-703.68274
12.06986,0.5022188,-702.97253
10.965784,0.5955922,-703.34827
11.038892,0.592655,-703.28485
12.949734,0.57069486,-703.07336
11.687645,0.54827243,-702.799
11.963467,0.57929593,-703.0144
12.398207,0.5205732,-702.8185
12.398207,0.5205732,-702.8185
12.78639,0.5644323,-702.964
12.858805,0.49438593,-703.0764
9.62197,0.5778362,-703.89075
9.070917,0.54418665,-704.21765
11.941788,0.45892227,-703.76263
9.023676,0.5059697,-704.36993
12.019666,0.57861394,-703.00867
10.395733,0.59775543,-703.6074
12.043354,0.568108,-702.899
14.962486,0.47768134,-703.7685
12.868612,0.5391874,-702.83606
14.501254,0.46858218,-703.77136
13.197716,0.5975298,-703.6189
11.531,0.4991595,-703.07416
14.051381,0.53087807,-703.15063
10.540047,0.63568604,-704.3359
10.060841,0.6246476,-704.3275
9.946139,0.6243644,-704.40283
11.224241,0.55161405,-702.88275
12.2014,0.5433629,-702.7732
11.046545,0.4864773,-703.37646
13.370206,0.46087414,-703.71533
11.510736,0.5656566,-702.90173
15.784876,0.5371106,-704.0919
14.814656,0.5232785,-703.4553
11.956856,0.50357944,-702.9656
13.43018,0.575397,-703.3039
12.845736,0.54053485,-702.8347
12.048862,0.54345024,-702.7715
12.929767,0.58452374,-703.2665
13.380602,0.6352017,-704.8064
12.071607,0.5126529,-702.8723
12.071607,0.5126529,-702.8723
11.748858,0.61118394,-703.5437
14.228161,0.54359514,-703.2854
11.039618,0.43904206,-704.5026
11.630178,0.41564116,-705.1876
13.841522,0.58855385,-703.744
11.168538,0.5343362,-702.8926
13.1014,0.5503512,-702.9292
12.130552,0.5301077,-702.77856
11.945781,0.5483205,-702.7833
13.926196,0.5460756,-703.17474
10.259332,0.53156865,-703.26685
14.105923,0.5296741,-703.1685
16.335527,0.44896278,-704.76465
16.22065,0.45094946,-704.67944
16.840063,0.51009154,-704.5564
14.344814,0.49356273,-703.3836
11.902037,0.508264,-702.92255
11.775999,0.55209374,-702.803
12.645661,0.5541218,-702.85645
11.966362,0.52858144,-702.7879
9.003338,0.56092966,-704.3762
8.923581,0.5154974,-704.412
15.681127,0.5030247,-703.87305
8.700362,0.5396048,-704.6433
10.517853,0.48330918,-703.6249
12.594042,0.55491936,-702.85315
14.412275,0.55512786,-703.4874
11.914999,0.5902354,-703.1638
11.618925,0.5165605,-702.8866
10.6014595,0.6314877,-704.2019
10.510182,0.50939256,-703.2798
10.0978365,0.5762094,-703.51135
9.87887,0.5893416,-703.8169
9.800351,0.60609716,-704.14233
11.060036,0.65903217,-704.90234
13.2530985,0.45987976,-703.72656
13.657204,0.5811683,-703.50183
13.193239,0.5440816,-702.92065
10.3129,0.6025762,-703.73035
10.200676,0.62494165,-704.2442
12.203322,0.5597076,-702.84143
11.002272,0.5948611,-703.32715
10.99476,0.6045789,-703.4907
11.793951,0.49569905,-703.07874
13.44567,0.4552583,-703.85626
11.185214,0.45843658,-703.91846
11.371339,0.45254654,-704.02576
10.732192,0.526426,-703.06323
14.77479,0.5910005,-704.41583
14.016931,0.5828735,-703.7231
10.9905815,0.6056799,-703.51184
12.829911,0.52745336,-702.8318
12.100449,0.5280613,-702.7849
15.577869,0.5480945,-704.09705
10.766848,0.4703318,-703.77435
11.772358,0.5526302,-702.80524
11.6136465,0.52651316,-702.8297
12.36238,0.46838027,-703.5105
12.968664,0.55087787,-702.9003
11.260378,0.52525234,-702.9027
12.232009,0.5296879,-702.7798
12.24681,0.59776795,-703.32935
10.824061,0.60861903,-703.61475
10.616158,0.57578343,-703.228
14.5720005,0.4993864,-703.41113
9.969082,0.57062024,-703.5491
9.330713,0.5575324,-704.001
10.466784,0.5009086,-703.39124
10.815451,0.515334,-703.10175
8.832077,0.5211549,-704.4903
8.381014,0.50915843,-705.0917
8.331073,0.48340866,-705.36755
8.931578,0.4751905,-704.83514
12.109854,0.62590665,-703.94965
10.83224,0.5301544,-703.00977
12.929431,0.47036743,-703.47473
15.292531,0.51091164,-703.67126
11.485752,0.54395974,-702.8183
12.396183,0.54953027,-702.8022
12.348379,0.6156445,-703.74
11.004441,0.5282358,-702.9592
12.665522,0.51592916,-702.86035
8.788217,0.52888733,-704.5263
11.755295,0.44444403,-704.1813
11.090211,0.57397175,-703.0493
9.841564,0.55803084,-703.5606
10.197201,0.5644815,-703.3562
16.68878,0.488622,-704.4483
16.036804,0.4858447,-704.12634
9.590183,0.5690714,-703.8368
10.447935,0.59695584,-703.56854
14.508423,0.50188214,-703.37213
15.149742,0.5473982,-703.8122
13.724579,0.53879684,-703.0587
11.197117,0.5186425,-702.9577
10.694596,0.553829,-703.0571
11.930311,0.5733734,-702.9467
11.5181465,0.52381,-702.85754
10.757662,0.62548,-703.99744
14.921703,0.5602207,-703.854
12.023939,0.53081757,-702.77905
10.528659,0.46932772,-703.88947
11.042053,0.53506285,-702.92615
12.450926,0.54449224,-702.79095
11.719685,0.6352487,-704.1489
9.552364,0.40109062,-706.5067
9.831562,0.38732156,-706.97327
12.830187,0.45442504,-703.83594
16.505423,0.5051273,-704.32837
12.728715,0.45738873,-703.75964
12.2818165,0.6790852,-705.943
11.219606,0.64273596,-704.363
11.416363,0.5590318,-702.8742
12.042484,0.5614615,-702.84625
13.055128,0.5232439,-702.8777
12.222718,0.56171435,-702.8568
13.861469,0.50435656,-703.1537
13.171946,0.45664865,-703.797
13.215679,0.46781662,-703.54895
9.643053,0.57644826,-703.858
10.301293,0.5499955,-703.23535
15.580365,0.5300593,-703.8966
14.702393,0.55224156,-703.6097
8.577263,0.6633865,-707.1942
12.690706,0.56716055,-702.97046
16.308762,0.5050612,-704.2123
12.599335,0.56028754,-702.89136
11.546185,0.54043365,-702.8081
11.2380495,0.57813466,-703.057
14.180616,0.4713682,-703.64154
14.259692,0.47686535,-703.5696
13.474604,0.45662418,-703.82635
12.230306,0.5023739,-702.96387
11.79284,0.583499,-703.06476
11.54695,0.55193114,-702.8252
13.238335,0.5852471,-703.3905
13.851366,0.45305628,-703.9648
10.200022,0.48667517,-703.7229
9.909754,0.44230956,-704.8684
14.111594,0.5718281,-703.56995
11.507635,0.49382016,-703.15
12.177243,0.59870934,-703.33563
12.746836,0.579957,-703.1422
9.829734,0.48902804,-703.9055
12.163815,0.48450622,-703.213
11.895192,0.5711946,-702.9247
13.037448,0.47107574,-703.46765
16.052052,0.5008734,-704.0696
11.431454,0.51994985,-702.89575
11.697341,0.4744674,-703.448
14.323936,0.5800011,-703.84546
13.163482,0.50996614,-702.9616
12.543624,0.601915,-703.47815
12.756516,0.5983521,-703.4679
9.680577,0.5395423,-703.6418
12.359919,0.594509,-703.2904
10.425077,0.6689141,-705.4215
14.638248,0.38238418,-706.68665
13.158671,0.42541248,-704.72534
12.513851,0.5153424,-702.8538
12.513851,0.5153424,-702.8538
12.87915,0.6079585,-703.7269
12.336643,0.5296649,-702.7826
16.359505,0.49611306,-704.2449
16.359505,0.49611306,-704.2449
15.930997,0.5481114,-704.3445
9.515387,0.53241456,-703.7844
10.94139,0.6046645,-703.5065
12.030122,0.6040382,-703.4189
14.615173,0.6320542,-705.69135
13.916484,0.6478325,-705.7215
10.936382,0.35003904,-708.65283
12.13451,0.41434088,-705.17
8.221609,0.49753693,-705.37427
10.5889635,0.5698196,-703.18884
10.251652,0.5412832,-703.255
10.329832,0.63622916,-704.4505
9.084613,0.57495654,-704.40826
10.99467,0.604109,-703.4823
14.832553,0.47714326,-703.7324
10.665192,0.5907565,-703.3806
15.239323,0.5721619,-704.30054
14.984305,0.56879985,-704.0488
11.064817,0.47202265,-703.64056
12.130371,0.45089102,-703.9523
12.572142,0.5940075,-703.32947
12.48096,0.49562952,-703.0424
14.155481,0.51009935,-703.20795
11.18882,0.57734334,-703.05896
10.742458,0.5822027,-703.24335
10.669276,0.5581861,-703.084
12.533705,0.53678787,-702.7882
12.100203,0.5488167,-702.7839
13.1603565,0.52943605,-702.88696
11.674183,0.56813705,-702.905
13.002838,0.5329463,-702.8546
15.5202675,0.4902288,-703.8561
11.524126,0.4914812,-703.1809
11.1724205,0.52889043,-702.9085
11.070049,0.52034706,-702.9813
9.367815,0.50618285,-704.0497
10.566553,0.50131387,-703.3415
12.796262,0.5417148,-702.8291
14.982544,0.5597169,-703.8845
12.394729,0.50126153,-702.9744
11.646097,0.5922192,-703.19244
11.541801,0.5885434,-703.14374
13.00339,0.5128296,-702.91785
13.279978,0.4985964,-703.07935
11.868419,0.5745162,-702.9581
13.489789,0.5322345,-702.9685
13.98839,0.5514323,-703.24475
14.374685,0.4396324,-704.4133
15.036889,0.48812422,-703.67505
12.065383,0.39977625,-705.7899
12.946507,0.6131105,-703.88477
11.413372,0.5680418,-702.9333
11.599518,0.561092,-702.86127
13.303168,0.53201365,-702.9193
12.973374,0.5518252,-702.907
11.929913,0.5898218,-703.1582
12.225158,0.49911845,-703.00134
10.515235,0.5706495,-703.2291
11.8611145,0.57439643,-702.9569
9.593669,0.5385106,-703.7124
9.596235,0.4927572,-704.01575
11.57024,0.54107755,-702.80457
13.322771,0.5784188,-703.3081
11.980186,0.5628672,-702.85516
10.867968,0.48986402,-703.3804
11.059547,0.5233815,-702.9662
10.631117,0.5329234,-703.08026
11.034479,0.5677831,-703.01306
9.171975,0.4724236,-704.6689
11.62541,0.4391811,-704.36273
15.827962,0.5035624,-703.9475
11.584521,0.55030936,-702.81555
13.5014105,0.5593663,-703.12634
12.40846,0.5053838,-702.9315
13.256357,0.61305535,-704.031
13.137342,0.6051747,-703.7689
10.933781,0.53877103,-702.954
11.27174,0.61385345,-703.6196
11.072813,0.5129449,-703.03644
13.073786,0.5402313,-702.879
9.729168,0.6425728,-705.0432
10.1008005,0.6126014,-704.04297
11.727137,0.56336313,-702.86536
13.074701,0.5027541,-703.00757
12.006385,0.5456301,-702.77576
11.626072,0.5295768,-702.8163
10.13045,0.4328909,-705.0421
9.731241,0.40335277,-706.3186
9.589829,0.44351006,-705.02344
8.95296,0.4569671,-705.16614
7.9471607,0.49603742,-705.7754
10.317021,0.4183181,-705.4627
18.513628,0.57998973,-707.81433
15.486287,0.5412106,-703.947
18.746971,0.49107197,-705.77356
15.10892,0.4679125,-703.9651
15.677575,0.49036652,-703.926
15.30929,0.50252634,-703.69543
9.590237,0.5777722,-703.9182
10.545822,0.57981414,-703.2996
8.842269,0.55489963,-704.5306
9.134305,0.5669424,-704.27386
9.116697,0.46450302,-704.8668
11.050873,0.51545274,-703.0222
12.143606,0.5233849,-702.80237
10.26924,0.53508645,-703.25244
10.689653,0.6252041,-704.0145
11.710939,0.55308074,-702.8115
15.269465,0.5330755,-703.7389
12.169843,0.48572457,-703.1927
10.881055,0.45137265,-704.19275
14.19573,0.44497272,-704.2318
14.728066,0.51930076,-703.41016
12.45432,0.62877536,-704.1282
10.560934,0.472419,-703.8113
10.130931,0.45771575,-704.3417
11.089204,0.45907742,-703.9289
13.99321,0.5338989,-703.1373
11.649078,0.583394,-703.0674
14.502184,0.52722204,-703.3242
9.066647,0.47538546,-704.7084
11.184464,0.5009013,-703.1304
12.535832,0.58094615,-703.1072
12.983904,0.5021907,-703.00146
11.236893,0.60937214,-703.53235
11.60145,0.65636533,-704.813
10.805134,0.57349885,-703.1325
11.241054,0.6144982,-703.63745
9.786977,0.5478073,-703.567
13.543171,0.6061494,-703.99994
9.162666,0.5469201,-704.1272
10.406651,0.525637,-703.21246
12.664069,0.47833267,-703.31165
13.308929,0.540811,-702.93854
12.191008,0.5190245,-702.82446
11.995852,0.61651355,-703.6886
13.497269,0.618572,-704.32715
17.326134,0.45297003,-705.12427
12.09352,0.58300674,-703.0706
15.048702,0.5620375,-703.9666
11.368471,0.5725315,-702.9784
11.241585,0.5794413,-703.0704
11.35317,0.54880905,-702.84863
9.1224785,0.4774868,-704.62415
11.573732,0.5221564,-702.8574
11.078945,0.47941512,-703.49066
10.0817795,0.47663966,-703.9606
13.785909,0.49734843,-703.1936
13.426495,0.50261366,-703.0669
9.016181,0.56676555,-704.4081
18.15113,0.4944297,-705.36676
14.554172,0.54249346,-703.4312
11.346367,0.5870927,-703.1456
8.235824,0.51334244,-705.275
14.873983,0.52642536,-703.493
13.096831,0.54393536,-702.89636
12.964135,0.5121297,-702.917
11.327825,0.58578503,-703.1312
11.4667845,0.4670343,-703.6479
12.90945,0.5632989,-702.98206
11.242266,0.49816278,-703.1499
10.908219,0.53553057,-702.96765
10.313049,0.612924,-703.92053
12.19638,0.6037786,-703.4384
13.528187,0.5599019,-703.1418
11.952345,0.63093245,-704.05817
12.105328,0.48316783,-703.2394
13.26841,0.42962846,-704.5857
11.391356,0.66209716,-704.9995
13.992303,0.40267137,-705.6699
8.862429,0.549306,-704.4758
8.630359,0.55714446,-704.8237
15.313802,0.5997388,-705.12604
13.362589,0.5161708,-702.9639
10.664152,0.59989583,-703.51843
11.992838,0.5783181,-703.0038
10.765631,0.5511816,-703.02167
11.768853,0.59573936,-703.24805
13.27923,0.44212854,-704.1941
12.95878,0.6250564,-704.2283
10.188827,0.4861131,-703.7378
10.498699,0.48538476,-703.59827
10.476413,0.46418667,-704.0255
12.825345,0.5015536,-702.9916
12.151823,0.5142295,-702.8571
13.784466,0.5182461,-703.0637
13.814122,0.49594405,-703.21423
13.508881,0.4891887,-703.22864
12.661355,0.5864423,-703.2204
12.116866,0.4383295,-704.322
11.352445,0.56329936,-702.9097
10.830066,0.52039325,-703.05994
11.944758,0.4852957,-703.2175
12.267757,0.49630103,-703.0351
10.402213,0.5476286,-703.17737
12.370039,0.6872193,-706.37634
10.540971,0.5272087,-703.141
12.962982,0.5552209,-702.9271
9.731506,0.56624866,-703.69556
9.599137,0.53735465,-703.70844
9.579004,0.47348496,-704.33527
10.275559,0.41958135,-705.4336
12.23235,0.42981702,-704.5909
12.069403,0.46995962,-703.49524
12.712738,0.6221133,-704.0325
12.712738,0.6221133,-704.0325
13.320326,0.55191743,-703.00073
12.423788,0.550873,-702.8104
8.579077,0.58011127,-705.1432
11.101671,0.56194794,-702.9568
11.940851,0.54730856,-702.7809
11.419487,0.51636153,-702.9231
12.217617,0.5354306,-702.77014
12.663845,0.6081698,-703.6537
12.289371,0.5571119,-702.83105
12.951812,0.527651,-702.8499
10.894579,0.52752745,-702.9983
13.325024,0.5485266,-702.9798
11.171135,0.6252102,-703.89294
20.205229,0.37138587,-708.78125
23.482685,0.41954732,-709.09595
11.525032,0.5091999,-702.9641
15.695807,0.4255069,-705.155
13.623753,0.55615467,-703.14026
16.47953,0.54024935,-704.6237
9.196129,0.5575468,-704.139
9.766708,0.620769,-704.4647
10.159073,0.64516324,-704.7954
11.246359,0.5012498,-703.11017
8.860061,0.53328663,-704.44055
15.6196785,0.4991773,-703.8534
12.580646,0.41658702,-705.0514
12.76078,0.4416649,-704.1891
11.663397,0.50436115,-702.9911
8.851651,0.55293584,-704.50745
7.934943,0.5544687,-705.91284
9.40855,0.4883842,-704.2192
10.910565,0.48853925,-703.3865
17.270466,0.530217,-705.0773
12.388166,0.5680736,-702.9282
14.5444,0.47755587,-703.6373
14.7311535,0.47834378,-703.6831
13.509383,0.47086698,-703.52356
12.075225,0.49496013,-703.06165
13.369696,0.54576737,-702.9774
12.181701,0.5031226,-702.9572
8.417166,0.45331648,-705.7636
11.413111,0.42860806,-704.7523
10.161943,0.578147,-703.4896
13.59491,0.45665798,-703.84045
13.678617,0.50544715,-703.0991
12.237858,0.5476721,-702.78467
12.881161,0.56754816,-703.0187
14.124611,0.45846897,-703.88684
15.244305,0.53027177,-703.70496
10.098486,0.54447794,-703.3469
11.009325,0.5195091,-703.00525
9.498607,0.63604087,-705.08484
8.340385,0.64282215,-706.95825
8.614273,0.6241292,-705.94775
9.30994,0.6049217,-704.5896
13.913226,0.54102427,-703.1378
9.872747,0.53173846,-703.50903
12.019216,0.60577536,-703.4529
11.380086,0.6201186,-703.74854
13.251683,0.52270114,-702.9172
10.841732,0.5886858,-703.2875
12.351721,0.54224443,-702.77856
12.325609,0.51600444,-702.8434
13.587217,0.48002753,-703.375
12.960096,0.47884053,-703.31726
16.776497,0.54567945,-704.9529
16.776497,0.54567945,-704.9529
10.318157,0.5079252,-703.3876
19.19958,0.4949263,-706.143
11.221073,0.5476069,-702.87463
10.598091,0.46878758,-703.8724
11.7384815,0.45310625,-703.9405
10.650845,0.4406511,-704.5804
10.323155,0.47007212,-703.9663
12.641134,0.53268385,-702.80054
12.641134,0.53268385,-702.80054
12.031796,0.53953546,-702.7687
12.446163,0.54947954,-702.80676
12.361743,0.5596257,-702.85425
12.010516,0.53088313,-702.7793
12.050046,0.5886982,-703.14935
10.80357,0.5024141,-703.23315
9.399786,0.55975884,-703.9464
8.990761,0.50971764,-704.3755
11.722199,0.48195142,-703.30286
11.731157,0.49228185,-703.135
11.651974,0.49442843,-703.1162
12.136842,0.49118754,-703.1106
10.763617,0.49091557,-703.4021
13.150574,0.5444871,-702.9116
10.614695,0.51916194,-703.1535
10.916534,0.5671694,-703.0442
11.948199,0.61364067,-703.615
14.266902,0.45903423,-703.90405
13.484631,0.546162,-703.015
10.363285,0.5417714,-703.19403
12.725228,0.5463941,-702.8318
12.16568,0.5093775,-702.89624
10.459472,0.56853694,-703.24
10.505072,0.5586995,-703.1594
10.929157,0.61386734,-703.6878
13.735525,0.44015464,-704.2964
15.056426,0.46467045,-704.00415
8.122611,0.53815097,-705.46936
9.365171,0.48012865,-704.3788
13.392634,0.6243288,-704.444
10.892855,0.5597898,-703.00757
13.2842655,0.5234562,-702.92236
11.008643,0.57316923,-703.0641
12.780929,0.55811006,-702.90826
10.966396,0.6350255,-704.1825
10.692809,0.6529625,-704.78174
12.462251,0.61261564,-703.69714
11.2342005,0.58522314,-703.1402
14.279772,0.59979767,-704.29517
11.839261,0.5396735,-702.777
15.456977,0.48665193,-703.8575
14.557507,0.5402178,-703.41504
12.141363,0.4787252,-703.3157
13.169502,0.51575285,-702.92786
14.786321,0.5916202,-704.4413
14.220178,0.5585392,-703.4309
10.9161,0.45136943,-704.1814
10.9161,0.45136943,-704.1814
11.448528,0.5568725,-702.85864
10.633583,0.49404758,-703.4076
12.391832,0.53064156,-702.78296
10.02897,0.4975453,-703.66516
10.469651,0.51564157,-703.2446
13.115611,0.5668998,-703.0775
10.84113,0.6163047,-703.76416
13.010138,0.53781164,-702.86035
11.761131,0.6203374,-703.7548
14.959551,0.5203442,-703.51746
11.667639,0.54497695,-702.7951
15.547934,0.48455274,-703.91504
11.307862,0.47909573,-703.4356
11.557795,0.5592989,-702.8557
10.653775,0.49457318,-703.39197
8.4761,0.4179178,-706.65186
9.638922,0.53671753,-703.6764
9.489188,0.5226662,-703.83716
9.994035,0.49705556,-703.6924
10.13147,0.60149604,-703.8211
12.474882,0.65002894,-704.83887
11.492684,0.4485291,-704.1104
12.979216,0.5940448,-703.4577
8.7421,0.49672204,-704.7461
8.787103,0.4813599,-704.88184
9.210886,0.5647147,-704.172
9.470456,0.52721363,-703.8357
16.63611,0.53127253,-704.6103
17.96791,0.46732098,-705.2923
15.24481,0.467535,-704.01733
10.121436,0.596316,-703.74524
9.307206,0.50969344,-704.0734
11.348529,0.57119644,-702.96985
11.229086,0.50318205,-703.09174
11.124344,0.4458518,-704.27454
12.938589,0.54226387,-702.8564
12.888777,0.5294589,-702.83704
10.179342,0.56865275,-703.39557
17.368378,0.460599,-705.0365
20.18254,0.47702202,-706.7504
15.183544,0.4980507,-703.65967
16.02762,0.5214233,-704.1066
15.132237,0.5133969,-703.5936
9.547026,0.54593754,-703.75793
8.674596,0.60451704,-705.41064
10.761376,0.670059,-705.349
10.556252,0.66528475,-705.24
10.47605,0.62308156,-704.0537
13.309919,0.58308464,-703.3811
13.959065,0.6046184,-704.21155
16.901665,0.6035125,-706.93884
8.360197,0.5085182,-705.1223
16.327227,0.5598728,-704.8839
10.6361065,0.6013078,-703.5531
10.56991,0.6302953,-704.1847
11.48525,0.62560594,-703.87744
10.122889,0.5480705,-703.3361
10.409974,0.5497924,-703.1771
10.286678,0.55098283,-703.2456
19.910334,0.49594733,-706.72327
17.486994,0.4947744,-704.92114
11.573399,0.5198048,-702.8716
13.467798,0.48728853,-703.247
14.487593,0.53677803,-703.35864
11.601193,0.48931262,-703.2001
13.089611,0.5664159,-703.0641
12.64637,0.4874231,-703.16064
13.581594,0.5690718,-703.2743
14.82017,0.5167882,-703.4501
16.0323,0.5806828,-705.17664
14.774431,0.5758067,-704.0493
11.275932,0.57042897,-702.97644
12.387066,0.52160037,-702.81305
12.706217,0.5140545,-702.8756
13.864047,0.52921635,-703.0808
14.3856945,0.52750295,-703.27527
13.956047,0.534835,-703.1266
10.830732,0.546603,-702.9894
13.281748,0.5435803,-702.9419
14.318019,0.5174468,-703.24365
10.702412,0.52462655,-703.0841
10.228629,0.5508388,-703.2783
11.704702,0.61136264,-703.5459
13.021555,0.66840976,-705.9167
12.780727,0.6266602,-704.194
11.7381935,0.5392706,-702.7853
10.42596,0.58629215,-703.43164
12.261529,0.53982645,-702.7711
11.489536,0.5470588,-702.82153
13.602746,0.4813927,-703.3563
9.3087015,0.5129617,-704.04846
13.688315,0.4892489,-703.2624
10.95378,0.59603953,-703.3586
15.83459,0.5224281,-703.99585
11.167574,0.6075913,-703.50916
11.167574,0.6075913,-703.50916
13.180384,0.45377415,-703.86914
10.675956,0.6062306,-703.62305
9.241776,0.5035616,-704.18384
11.072084,0.48968297,-703.3175
9.57481,0.5605764,-703.79065
11.010309,0.5627585,-702.98676
11.294878,0.5461319,-702.856
14.099591,0.5474371,-703.2584
10.28578,0.4892976,-703.6376
12.153518,0.6127807,-703.62726
14.384305,0.51172674,-703.28125
14.857403,0.56547433,-703.9023
11.019985,0.5733872,-703.0628
12.356124,0.6100187,-703.60754
9.370938,0.48302343,-704.32825
10.960572,0.52262497,-703.0013
12.958965,0.5556645,-702.92944
13.185884,0.41540933,-705.0954
11.011612,0.69232255,-706.21704
13.26027,0.4151963,-705.1064
13.012759,0.42369437,-704.78217
13.198683,0.45682386,-703.79474
13.391753,0.4595992,-703.74695
12.112669,0.5211914,-702.81396
12.012678,0.5165431,-702.84644
11.696558,0.56153905,-702.85535
13.616972,0.5094167,-703.05774
13.168758,0.5395296,-702.8989
12.839872,0.58354205,-703.2228
13.772272,0.61461693,-704.38086
12.518161,0.50826484,-702.90784
11.27174,0.55152714,-702.8719
12.411475,0.5942475,-703.2962
11.362439,0.50769806,-703.0112
10.773285,0.4982921,-703.29517
10.856891,0.58921427,-703.28955
10.645414,0.5941869,-703.4374
11.964636,0.5738475,-702.9524
12.665147,0.50858194,-702.9132
14.255009,0.5142606,-703.2272
10.606053,0.61648035,-703.8519
11.907277,0.566451,-702.88257
11.180782,0.5751124,-703.03845
11.130995,0.47119376,-703.639
9.849794,0.5294438,-703.5318
10.860197,0.4929318,-703.33716
16.961676,0.57861286,-706.0121
9.345866,0.4770089,-704.44617
8.6298275,0.45359108,-705.54004
14.371427,0.631636,-705.44775
12.660011,0.46054703,-703.6827
11.2115555,0.632653,-704.07837
11.384466,0.65165424,-704.6373
10.769099,0.6178546,-703.82043
12.235081,0.48055795,-703.277
15.579203,0.54955757,-704.11975
10.72265,0.5150096,-703.1397
12.406582,0.59353316,-703.28235
13.030831,0.52499133,-702.86884
10.525823,0.5901328,-703.4327
14.465086,0.4621024,-703.88574
15.288091,0.52464527,-703.69763
16.119036,0.5978752,-705.8393
15.58482,0.6002754,-705.39636
9.024659,0.55790997,-704.3308
14.671638,0.5489501,-703.5543
14.380187,0.53491807,-703.2997
10.385591,0.54666376,-703.1847
13.170881,0.55458117,-702.9765
11.176908,0.6408563,-704.31165
12.956311,0.60523874,-703.69275
10.98138,0.57356244,-703.07544
11.365772,0.56553656,-702.92236
12.894349,0.50638634,-702.9525
10.656369,0.56650686,-703.13586
11.03437,0.4981109,-703.2086
10.575142,0.49597046,-703.40576
13.632187,0.4840302,-703.32214
14.0325165,0.5143112,-703.15173
17.569332,0.4678264,-705.0647
14.131748,0.57009935,-703.5521
14.596459,0.51743084,-703.3537
10.355564,0.47873816,-703.78046
11.750587,0.5978322,-703.2837
9.864628,0.539655,-703.50305
8.822508,0.5709551,-704.68994
10.826079,0.58119106,-703.2018
11.268757,0.5625299,-702.921
11.189402,0.5312729,-702.8956
10.136543,0.5381923,-703.3246
10.892419,0.5040311,-703.18286
10.496857,0.4896853,-703.53064
11.585739,0.61317414,-703.58374
11.585739,0.61317414,-703.58374
11.859229,0.4961718,-703.0646
11.775193,0.5002046,-703.02344
13.8588915,0.47202933,-703.5609
19.538918,0.5350499,-707.2456
13.033398,0.4798524,-703.3058
12.341,0.496361,-703.0329
11.512172,0.55592644,-702.8451
13.079076,0.49711567,-703.06665
9.118677,0.45032957,-705.1819
10.22084,0.5456774,-703.2741
10.625714,0.6175936,-703.86755
10.071225,0.5384853,-703.36475
14.295704,0.5049629,-703.2805
11.20834,0.57042503,-702.9904
11.087296,0.50483894,-703.1119
11.091043,0.499586,-703.1728
13.696751,0.45704144,-703.84546
14.207154,0.5225776,-703.19885
16.062086,0.4960596,-704.08594
17.616083,0.45749164,-705.2029
17.24336,0.4767346,-704.81647
11.571975,0.53038645,-702.82135
12.745101,0.57844985,-703.12024
12.534901,0.5963578,-703.36426
12.661617,0.5077786,-702.9198
11.26288,0.59231985,-703.23267
10.5922,0.5089938,-703.2472
13.324592,0.5449031,-702.9599
10.808462,0.4937653,-703.3436
11.39914,0.5998959,-703.3356
9.924146,0.4977424,-703.7273
10.922551,0.5636025,-703.01874
10.380904,0.4956221,-703.4995
10.307234,0.5094937,-703.3782
10.850157,0.5334182,-702.9929
15.208155,0.5477076,-703.85205
13.028247,0.54365826,-702.87964
12.608403,0.4994048,-703.0006
13.290154,0.5433173,-702.94305
11.586328,0.46184912,-703.74475
11.674456,0.528975,-702.812
13.899798,0.5249876,-703.09033
12.176039,0.5511537,-702.79425
10.361602,0.6101984,-703.8411
11.869188,0.5100596,-702.90894
14.420081,0.52926195,-703.29456
14.464483,0.51198906,-703.31036
16.924702,0.6102366,-707.28174
10.399822,0.4972525,-703.4687
16.484734,0.5369283,-704.57715
16.062546,0.51297534,-704.0868
15.139981,0.5218251,-703.6096
13.168171,0.4919713,-703.13995
13.835636,0.57239527,-703.4382
15.183802,0.60112494,-705.05566
10.876215,0.51728636,-703.06494
13.122357,0.5348309,-702.8799
12.754908,0.42432526,-704.75867
11.729855,0.56305164,-702.86304
11.515878,0.54048103,-702.8126
11.34538,0.5738591,-702.9945
12.323118,0.5347856,-702.774
10.965303,0.64917225,-704.5939
14.335645,0.52388054,-703.249
14.438545,0.5688332,-703.7029
14.483477,0.51088524,-703.32086
14.703665,0.56578124,-703.8104
11.542257,0.5472658,-702.8141
14.697107,0.62092286,-705.3229
13.323025,0.6007385,-703.74963
12.427485,0.534214,-702.7803
13.3930235,0.54489565,-702.97986
14.297337,0.47206712,-703.6576
11.204089,0.6417123,-704.334
10.466549,0.6175375,-703.93616
10.072923,0.53243715,-703.3744
14.653424,0.5572812,-703.64795
10.988776,0.60312223,-703.4663
11.22007,0.5469972,-702.874
13.420631,0.5122063,-702.99646
14.032272,0.5201392,-703.1381
16.649912,0.41517913,-705.7821
16.569704,0.3999199,-706.3134
15.019028,0.38746515,-706.4977
11.6880665,0.45084482,-704.0099
11.457146,0.46257138,-703.7529
7.9695005,0.45228198,-706.3031
10.6378765,0.49014077,-703.4632
10.793984,0.55788875,-703.0337
10.381041,0.57101107,-703.2991
10.538232,0.5684826,-703.20184
10.760778,0.51532334,-703.12244
12.062565,0.55567,-702.81165
11.210011,0.55414164,-702.894
11.725506,0.5694974,-702.91345
12.872249,0.5084024,-702.9333
11.430225,0.57048136,-702.9508
11.356478,0.5369349,-702.8441
14.479861,0.56595707,-703.67883
9.130558,0.54385626,-704.1529
13.739557,0.57774174,-703.4806
13.009855,0.5919344,-703.4275
11.254964,0.5295434,-702.8855
13.0446205,0.54773134,-702.90094
7.963945,0.60736305,-706.7551
19.75906,0.41831174,-706.9994
9.862457,0.6204474,-704.3792
12.49588,0.5944212,-703.3183
10.646212,0.59656143,-703.47284
13.028005,0.5855971,-703.31775
15.764792,0.6031271,-705.67615
16.979626,0.58147377,-706.1316
19.04419,0.6359054,-712.0576
16.03037,0.4888947,-704.103
13.636147,0.5478978,-703.0772
12.041956,0.5122333,-702.8772
12.826171,0.44490293,-704.0946
15.221943,0.47751397,-703.86316
12.977538,0.52189106,-702.86914
9.870703,0.6038783,-704.0469
10.433552,0.59265894,-703.51227
11.790951,0.6266974,-703.91925
11.790951,0.6266974,-703.91925
12.419331,0.4870354,-703.16376
14.046143,0.5639418,-703.4155
13.057552,0.5247864,-702.874
13.071504,0.54362077,-702.8893
13.133848,0.533386,-702.8811
9.828187,0.594073,-703.92285
10.225033,0.568809,-703.36926
12.278912,0.47259945,-703.426
12.197993,0.48173237,-703.2583
12.012844,0.49771258,-703.03015
13.557411,0.48752916,-703.2594
11.179419,0.5677205,-702.9756
12.874332,0.50554186,-702.9578
12.744001,0.561404,-702.92737
11.588919,0.5041508,-703.00507
12.927159,0.5830242,-703.2411
10.848422,0.5373818,-702.9851
13.654348,0.49855846,-703.1516
17.616982,0.4878231,-704.9989
15.357016,0.5266032,-703.7451
15.357016,0.5266032,-703.7451
11.769181,0.4701362,-703.5267
12.961866,0.46709782,-703.54443
13.548632,0.6538803,-705.67334
16.530928,0.40976077,-705.93066
14.383801,0.43101218,-704.6738
14.718167,0.5739337,-703.97266
14.718167,0.5739337,-703.97266
13.196005,0.47406936,-703.4242
11.572378,0.5865653,-703.114
8.254312,0.48914933,-705.40247
8.7051325,0.5061748,-704.70953
10.978278,0.6715011,-705.36304
12.782647,0.6232215,-704.09326
12.894863,0.49790135,-703.03754
12.7406225,0.5006128,-702.9949
14.500483,0.50358117,-703.35925
14.75222,0.40527886,-705.6674
16.24329,0.3716338,-707.5327
7.680648,0.58918816,-706.9696
11.588983,0.589722,-703.1575
13.456732,0.5827394,-703.43756
12.377869,0.5653485,-702.9015
13.905838,0.58079785,-703.6211
9.616402,0.5121639,-703.79846
8.994088,0.52895546,-704.29285
12.198677,0.57630396,-702.9949
10.1004925,0.6804653,-706.0227
8.766409,0.7049365,-708.52246
13.453106,0.5031786,-703.06714
13.331718,0.5051535,-703.0274
10.61534,0.54268885,-703.0731
11.715731,0.52389187,-702.8286
14.358675,0.5308767,-703.27356
13.019165,0.5508397,-702.91187
11.494495,0.5627435,-702.88403
11.180042,0.53128564,-702.89795
13.033323,0.56876856,-703.07434
9.29012,0.4983078,-704.1941
15.640376,0.45219848,-704.441
13.553017,0.48347118,-703.31616
13.159082,0.54167086,-702.9031
12.981137,0.54088455,-702.8611
11.699352,0.5285216,-702.81067
12.347637,0.61917984,-703.82947
11.791597,0.53852415,-702.7809
10.639952,0.53978646,-703.06384
8.506634,0.44677013,-705.8171
8.441626,0.4336119,-706.21545
8.003036,0.43785682,-706.57544
12.651949,0.533795,-702.801
9.567065,0.5261459,-703.7584
9.526632,0.5246353,-703.7975
11.057354,0.546952,-702.9165
13.437024,0.59876734,-703.7595
13.064525,0.59341073,-703.47723
17.740047,0.39661643,-706.819
14.617647,0.47601292,-703.6818
14.043142,0.46496332,-703.73267
14.566378,0.6124221,-704.9033
11.125023,0.54555804,-702.8962
10.856995,0.616047,-703.7539
13.421259,0.51686335,-702.974
12.748627,0.5020031,-702.9807
8.670371,0.49524346,-704.83984
12.53023,0.58765745,-703.2086
8.892057,0.49898496,-704.56476
10.119173,0.48610935,-703.7759
12.150873,0.59764826,-703.31195
10.466739,0.630294,-704.23
10.614439,0.55958253,-703.11365
12.736811,0.6187843,-703.9496
10.914028,0.64807147,-704.5702
10.914028,0.64807147,-704.5702
14.28801,0.42257768,-704.9376
10.964216,0.4125495,-705.4606
10.689487,0.49162978,-703.42004
13.224795,0.6309322,-704.5602
9.582184,0.55961937,-703.7787
11.169155,0.57945997,-703.0857
12.478571,0.5510794,-702.81726
13.6330805,0.5932204,-703.73376
13.6330805,0.5932204,-703.73376
14.897637,0.5569517,-703.7883
10.914224,0.506464,-703.1489
13.651191,0.55533147,-703.143
17.084572,0.49830997,-704.6712
12.018228,0.4715739,-703.46606
15.527385,0.52014333,-703.80853
16.130827,0.56744736,-704.90027
16.130827,0.56744736,-704.90027
15.060231,0.45091015,-704.2868
11.587535,0.65354973,-704.7135
12.993031,0.542381,-702.8678
11.475548,0.5153032,-702.9203
12.858885,0.5258052,-702.8396
11.250583,0.48926073,-703.27515
13.795319,0.51266783,-703.0869
20.224405,0.48831266,-706.88245
18.866907,0.47663808,-705.815
9.978761,0.6251367,-704.39667
12.233114,0.46972534,-703.48804
9.653814,0.5647949,-703.7496
11.996519,0.5940089,-703.2302
11.223176,0.52002454,-702.9417
16.444384,0.5155816,-704.3319
14.690605,0.56766164,-703.8353
10.891497,0.57044053,-703.077
10.283806,0.50607055,-703.4242
9.784086,0.5844648,-703.8291
11.59589,0.54733574,-702.8072
14.339162,0.5178242,-703.2512
9.887116,0.5338078,-703.49414
12.733981,0.6005393,-703.5063
10.983669,0.53949314,-702.93713
11.451105,0.572814,-702.9688
10.687349,0.57220834,-703.1664
11.227184,0.57177556,-702.9978
9.9547205,0.65120846,-705.1129
8.201702,0.6642537,-707.9625
12.32285,0.6812714,-706.0654
11.680723,0.5306383,-702.80585
9.926214,0.5415286,-703.4594
10.649636,0.68508786,-705.964
10.7372875,0.45043525,-704.26746
11.3045845,0.6538889,-704.7117
11.3045845,0.6538889,-704.7117
9.851619,0.56888837,-703.6212
13.357926,0.5219536,-702.94244
11.075184,0.59997815,-703.39105
11.075184,0.59997815,-703.39105
10.269894,0.5063098,-703.42914
8.861231,0.45152926,-705.37024
11.266981,0.5601656,-702.90796
12.310253,0.5370214,-702.7724
13.855122,0.52091604,-703.07935
14.051405,0.51268125,-703.16364
11.168274,0.57749295,-703.065
11.6354475,0.63798344,-704.2212
11.936645,0.69752276,-706.6596
9.830525,0.4131013,-705.883
13.103715,0.4936107,-703.1112
15.408346,0.54207414,-703.908
10.0376005,0.57720405,-703.56116
10.794144,0.5613067,-703.0502
11.557863,0.5167969,-702.89453
18.78063,0.4795495,-705.7582
12.11942,0.5032241,-702.95874
17.148438,0.55709016,-705.5377
14.510695,0.42981675,-704.7351
13.552056,0.5010352,-703.1063
13.024185,0.5499737,-702.9081
10.770624,0.52777874,-703.04224
12.024696,0.54657966,-702.7776
12.02695,0.51825464,-702.83435
11.050157,0.5846754,-703.17456
11.029771,0.5459914,-702.9234
11.376717,0.55851823,-702.8784
11.449434,0.49322343,-703.17004
11.35265,0.47300136,-703.54474
13.362548,0.6536626,-705.5178
16.57599,0.5665768,-705.26855
17.72403,0.59422594,-707.50525
13.839153,0.6302207,-704.95166
10.881104,0.4262562,-704.9728
11.333954,0.4349603,-704.5566
14.32823,0.61849034,-704.9169
13.26304,0.60144866,-703.7378
14.932867,0.62367505,-705.6531
13.495791,0.47910833,-703.37494
8.256941,0.62155366,-706.51636
14.268545,0.6068399,-704.49115
13.433203,0.5098627,-703.0133
16.253567,0.53223735,-704.35095
15.738113,0.5366045,-704.0559
13.6417885,0.4503898,-704.0022
13.511361,0.5400187,-702.99414
10.83404,0.5442371,-702.98645
12.837925,0.5158481,-702.87805
14.059397,0.59218895,-703.954
11.567373,0.5661342,-702.89874
13.022539,0.52818763,-702.8613
8.854143,0.52425534,-704.4569
10.529766,0.49283943,-703.4692
10.813205,0.43286827,-704.7697
11.167156,0.4346195,-704.6085
10.798658,0.42729956,-704.9626
10.238886,0.5301839,-703.28284
11.116048,0.5258021,-702.9373
11.15955,0.5850593,-703.1533
14.145086,0.48360565,-703.44214
11.392359,0.58148986,-703.06836
9.892274,0.51276803,-703.5957
13.304338,0.5840125,-703.3952
12.480153,0.4838809,-703.21387
11.73212,0.49331284,-703.12
10.436708,0.42548558,-705.1564
10.211772,0.49034777,-703.6603
14.089823,0.5703511,-703.534
13.474745,0.5158079,-702.9907
13.613245,0.5014692,-703.1158
12.321732,0.4922275,-703.08844
13.32711,0.5718125,-703.21136
14.644535,0.53512305,-703.4234
12.242109,0.5488019,-702.7885
13.12969,0.5466991,-702.9165
11.654082,0.6207988,-703.76
8.929868,0.55159396,-704.40576
8.09068,0.5229474,-705.4802
10.734124,0.5432578,-703.0239
12.726487,0.5679506,-702.9863
12.326902,0.6100998,-703.6024
11.570849,0.5313563,-702.8186
12.019669,0.60408914,-703.4187
10.847809,0.5948018,-703.37195
14.685993,0.5621815,-703.7401
13.413267,0.48468196,-703.27527
14.680339,0.46548814,-703.87665
14.572359,0.48258778,-703.57666
13.063194,0.60696,-703.7794
11.268451,0.53043824,-702.87915
10.277363,0.5545946,-703.2615
13.177075,0.4439503,-704.1347
8.373079,0.51541847,-705.0786
9.678932,0.5501539,-703.6575
10.746018,0.5375792,-703.02313
12.545945,0.47990933,-703.28174
11.999382,0.5986513,-703.31213
11.810727,0.6154295,-703.6422
11.049293,0.49682346,-703.22107
12.311676,0.5663518,-702.9029
13.564249,0.5154506,-703.0138
12.190176,0.4991105,-703.0027
13.025476,0.4604114,-703.69727
11.66503,0.55319536,-702.8161
11.025349,0.5984209,-703.3773
10.05439,0.5781219,-703.559
13.790777,0.6098792,-704.25195
13.443766,0.61081976,-704.0704
12.045209,0.42579615,-704.7494
13.483837,0.64263225,-705.1572
9.993542,0.46137065,-704.3283
9.975906,0.47001016,-704.15015
13.65565,0.4828877,-703.3434
9.281497,0.48774284,-704.3323
13.533716,0.5740329,-703.3262
9.848174,0.5340346,-703.5212
10.976389,0.5743185,-703.08386
12.599322,0.5870719,-703.2151
12.599322,0.5870719,-703.2151
14.765444,0.49515215,-703.5123
10.013884,0.52574044,-703.43555
12.129856,0.5804077,-703.0392
12.595661,0.4928827,-703.08105
12.080207,0.56930214,-702.9116
12.064647,0.52174526,-702.8126
12.889981,0.5371011,-702.8368
14.874898,0.528478,-703.5017
12.741634,0.49199027,-703.0996
10.745768,0.55295545,-703.03406
13.228744,0.5037667,-703.02124
16.307941,0.49421415,-704.2217
17.995693,0.51566213,-705.4397
14.313261,0.5080476,-703.2704
11.830923,0.43068165,-704.6067
14.729408,0.59212637,-704.4121
16.999565,0.44657198,-705.0881
15.779255,0.45199695,-704.49365
12.847105,0.59979767,-703.52893
11.8903265,0.5682575,-702.8978
9.819505,0.61402947,-704.27844
12.313159,0.5661965,-702.9016
16.214375,0.5119725,-704.1731
11.621297,0.5021861,-703.02203
11.193462,0.5704519,-702.9939
13.246711,0.51245433,-702.96014
9.844382,0.588297,-703.8296
11.719095,0.6362372,-704.1776
13.938915,0.4914604,-703.2926
10.954749,0.6181289,-703.7719
10.245306,0.6053072,-703.8163
11.199074,0.53649026,-702.88043
12.819158,0.5529764,-702.88086
10.584793,0.5625496,-703.1422
17.06836,0.46912658,-704.78613
12.279099,0.4758638,-703.36163
12.168952,0.44362527,-704.15564
14.792801,0.49407274,-703.531
9.932132,0.55322486,-703.47534
12.412463,0.47447088,-703.38403
13.234333,0.5895423,-703.4692
13.351721,0.47259125,-703.4696
18.652084,0.51662093,-705.9888
13.347878,0.48372868,-703.2798
13.744144,0.55678356,-703.194
13.744144,0.55678356,-703.194
11.063408,0.548175,-702.91656
13.664603,0.431687,-704.5495
11.15745,0.6076701,-703.51245
11.526736,0.64565617,-704.4484
12.972734,0.5514937,-702.90485
11.736959,0.54790735,-702.7937
14.572359,0.53022856,-703.36536
12.844621,0.49075502,-703.12317
10.135864,0.43673447,-704.9186
7.6241918,0.4655707,-706.55994
8.401202,0.4342018,-706.23926
14.05744,0.68834776,-707.9778
12.859464,0.4417596,-704.187
13.22378,0.61397773,-704.0397
9.93334,0.5018128,-703.6737
11.706913,0.5058316,-702.9691
11.995709,0.352181,-708.3507
17.076708,0.53398377,-704.9844
16.513182,0.5418133,-704.6747
21.614704,0.4524906,-707.7108
17.702408,0.4302909,-705.7491
10.201269,0.6036105,-703.8131
13.641336,0.5952311,-703.7838
12.447067,0.4201465,-704.9223
10.855309,0.49950713,-703.24976
11.701849,0.5622289,-702.8594
13.215172,0.57645017,-703.2368
12.710777,0.5206592,-702.8396
10.754625,0.5928766,-703.376
13.49132,0.5346408,-702.97266
10.582803,0.5835599,-703.32446
10.610328,0.5118809,-703.21246
9.76728,0.56894755,-703.68713
13.856866,0.5450013,-703.1399
14.114609,0.47998583,-703.48584
11.851349,0.5846916,-703.08105
15.766382,0.50280166,-703.91675
12.760224,0.51092607,-702.9024
13.321697,0.5477798,-702.97437
14.146692,0.47059557,-703.64746
11.81409,0.5759404,-702.97375
11.772468,0.57299113,-702.9441
12.295018,0.5613948,-702.8605
10.973934,0.52338785,-702.99255
15.602651,0.51496565,-703.8338
14.8487015,0.47599185,-703.7541
14.360182,0.55650157,-703.4772
12.885037,0.52101463,-702.8588
11.808813,0.54984426,-702.7936
12.93441,0.5323433,-702.8424
10.954872,0.48835042,-703.3749
11.237516,0.46446013,-703.7596
11.966964,0.5284992,-702.78815
12.44775,0.48229018,-703.24066
12.412087,0.6006616,-703.419
11.0830555,0.50892127,-703.07056
11.994406,0.5802409,-703.02747
11.597231,0.4677487,-703.6067
12.806221,0.50171816,-702.9883
11.870686,0.5910325,-703.1743
12.007645,0.60529494,-703.4416
11.119583,0.5794449,-703.09686
11.89072,0.4971945,-703.04785
12.0269985,0.52160144,-702.8149
15.849846,0.50399154,-703.9585
14.301568,0.55164075,-703.3918
15.940419,0.54591036,-704.3163
12.037113,0.5374841,-702.76886
11.450945,0.4927583,-703.1765
12.950289,0.50599635,-702.9623
12.950289,0.50599635,-702.9623
10.90869,0.5068936,-703.14624
11.045326,0.5052208,-703.1202
11.949011,0.5692603,-702.907
11.682781,0.608913,-703.4938
12.488592,0.67523146,-705.87964
10.552057,0.5560548,-703.12646
10.751187,0.5465745,-703.01917
13.9898815,0.5016203,-703.2092
13.158841,0.5407419,-702.9
16.331535,0.50322735,-704.2238
13.0921135,0.49525666,-703.08984
12.784866,0.5481206,-702.849
12.353352,0.580218,-703.06415
9.308185,0.5435958,-703.9724
10.98004,0.55358714,-702.95435
14.777873,0.48402867,-703.6255
12.6206255,0.45487577,-703.8229
12.737023,0.52500826,-702.8261
10.11533,0.5668104,-703.42224
10.2609215,0.57146657,-703.3691
10.319845,0.51127255,-703.35535
13.492687,0.5569393,-703.09937
10.974311,0.59031415,-703.26874
15.922996,0.4615067,-704.3686
12.864852,0.50912416,-702.92676
9.989027,0.5530853,-703.43555
13.588568,0.5391478,-703.015
14.083844,0.4984363,-703.2617
10.914833,0.5410788,-702.9584
9.802602,0.5639609,-703.6236
10.534642,0.41981,-705.3224
18.098415,0.6059143,-708.5863
8.477973,0.46443483,-705.4806
10.533522,0.54008424,-703.11084
12.76038,0.5660518,-702.9742
6.5625505,0.43633106,-708.79944
6.488671,0.440231,-708.8917
11.27778,0.5695368,-702.96875
13.344856,0.62875825,-704.56
9.338077,0.52582633,-703.95746
13.876855,0.46807572,-703.6385
11.867445,0.6252245,-703.88934
13.8226385,0.5762386,-703.4955
9.516698,0.5339431,-703.7809
11.20277,0.6258864,-703.9052
11.118762,0.47750852,-703.51526
12.184847,0.60046256,-703.37036
10.105598,0.5242004,-703.38574
9.9927025,0.51922536,-703.484
11.498207,0.5195508,-702.88586
10.412476,0.5396676,-703.1698
11.5110855,0.63204855,-704.0469
11.577814,0.51433164,-702.91003
12.158598,0.47669923,-703.3525
13.848141,0.6640215,-706.4121
10.348579,0.5352544,-703.2092
14.491783,0.5878096,-704.1302
14.491783,0.5878096,-704.1302
10.327431,0.5780882,-703.392
12.3333845,0.5791934,-703.04755
9.171212,0.5949886,-704.57605
8.433573,0.59625715,-705.6361
10.80018,0.6272205,-704.0259
10.17686,0.53962886,-703.2991
12.580418,0.51525205,-702.8582
13.53231,0.4386692,-704.31805
18.351755,0.5528906,-706.58826
9.888487,0.46885183,-704.2253
12.907385,0.65203744,-705.1417
10.118885,0.5551475,-703.3578
11.743955,0.45089945,-703.9994
11.729645,0.4669296,-703.6027
13.344404,0.4330291,-704.4784
10.636522,0.5557141,-703.08777
17.044857,0.4849729,-704.66223
17.044857,0.4849729,-704.66223
10.740368,0.5521072,-703.0338
11.190458,0.5856792,-703.15466
10.191513,0.49639177,-703.5869
12.582919,0.42430443,-704.7637
11.861118,0.5499827,-702.79114
14.517852,0.48019803,-703.5919
12.783415,0.52307767,-702.83795
11.08803,0.48465896,-703.3946
9.629989,0.51895094,-703.7423
14.274108,0.60126096,-704.33203
16.289818,0.6698046,-709.94794
14.281903,0.45275375,-704.0509
10.584632,0.47374535,-703.7746
13.191141,0.5379528,-702.90045
13.207642,0.5396453,-702.9087
13.679481,0.52091175,-703.0272
11.006732,0.56112236,-702.97864
13.182866,0.5093627,-702.96906
11.276897,0.57821214,-703.05035
13.897207,0.5132491,-703.1138
10.91566,0.60956126,-703.6052
11.832655,0.44987223,-704.0145
11.827324,0.5221073,-702.82605
13.050186,0.5260335,-702.87
14.038784,0.5124433,-703.1605
15.268424,0.52713203,-703.69946
15.533423,0.50576454,-703.7945
16.026608,0.48532665,-704.12524
15.909388,0.51315874,-703.9991
11.039373,0.5638928,-702.9852
11.502382,0.5623366,-702.88043
11.282548,0.52092767,-702.92163
13.012378,0.5300269,-702.8574
11.31966,0.54833364,-702.85425
14.316545,0.4581005,-703.9354
11.782635,0.4926127,-703.12317
10.639013,0.55799055,-703.0959
14.282673,0.5053315,-703.27405
13.6081505,0.5090313,-703.05804
11.182188,0.55859053,-702.919
11.747105,0.5434069,-702.78564
11.406691,0.56839997,-702.93713
13.5372505,0.47481996,-703.4547
15.26952,0.53451294,-703.75024
9.450237,0.5316843,-703.84204
13.022111,0.48860237,-703.1686
17.593338,0.474989,-705.02515
17.962301,0.45402208,-705.4286
10.30173,0.52550757,-703.2675
13.5269165,0.5121072,-703.0209
11.626197,0.53952265,-702.7975
11.571213,0.5103605,-702.9452
10.001886,0.4959789,-703.70135
11.37571,0.4561192,-703.9306
10.637262,0.5019244,-703.30414
13.202852,0.48800898,-703.1975
16.565126,0.47269797,-704.4977
14.226922,0.44958216,-704.1178
16.108866,0.56331456,-704.78217
15.113978,0.52524126,-703.60864
14.036321,0.49001586,-703.3338
11.709124,0.53899634,-702.7883
11.615826,0.57409656,-702.9637
11.144875,0.52330506,-702.9424
13.278395,0.5698405,-703.16724
12.814858,0.49605033,-703.0525
10.676828,0.60269344,-703.5602
12.23899,0.520463,-702.81616
12.53774,0.5158865,-702.85156
13.069647,0.4087514,-705.3583
13.047943,0.4008902,-705.69275
13.310703,0.5839887,-703.39746
9.930964,0.5144621,-703.557
8.572033,0.59491533,-705.38806
14.73696,0.4810224,-703.64905
12.913005,0.47143993,-703.4523
14.009263,0.618019,-704.65405
10.237558,0.55675745,-703.29236
11.398708,0.519395,-702.9059
10.94079,0.55785054,-702.98285
12.73433,0.4881936,-703.15283
11.962311,0.63694996,-704.23645
9.42276,0.4672323,-704.56995
12.911724,0.49481836,-703.0757
14.563564,0.5450121,-703.4578
14.495191,0.5412508,-703.39246
15.580704,0.58391553,-704.8712
15.691486,0.49173397,-703.9237
12.467163,0.5916558,-703.26215
12.6522,0.52969986,-702.8054
12.29717,0.5077828,-702.90826
12.25711,0.5407276,-702.7717
13.61787,0.51741016,-703.02
11.132378,0.6279805,-703.96765
10.714386,0.47097006,-703.7804
11.031969,0.53856593,-702.92334
12.948227,0.46519044,-703.58484
14.236657,0.5617866,-703.4822
8.915743,0.43021578,-705.8927
13.536624,0.44471493,-704.1428
12.895871,0.4224161,-704.827
15.538687,0.62181586,-706.19946
15.209707,0.5699447,-704.2307
14.637229,0.5587307,-703.6592
13.795947,0.62498885,-704.734
12.873704,0.5071622,-702.94366
11.308786,0.59120446,-703.20886
10.189422,0.53044707,-703.3102
11.088755,0.5250689,-702.94867
11.81494,0.59708583,-703.2721
13.439475,0.5571521,-703.08264
14.705474,0.5559539,-703.65967
13.070257,0.493533,-703.10815
13.231342,0.47864643,-703.34644
10.498219,0.5486614,-703.1315
16.645597,0.55364794,-705.0106
15.894905,0.49468616,-704.0061
13.396348,0.54239506,-702.9692
11.801092,0.44136965,-704.2666
11.384444,0.616678,-703.66956
11.709593,0.5916002,-703.1813
10.206227,0.53294617,-703.293
9.210631,0.6430837,-705.60205
10.362032,0.51515263,-703.3013
11.260791,0.58295506,-703.1072
11.260791,0.58295506,-703.1072
11.412664,0.50177217,-703.0655
11.3049345,0.52691764,-702.8845
13.495045,0.58773255,-703.54944
13.495045,0.58773255,-703.54944
10.731094,0.5276928,-703.058
14.892438,0.5772471,-704.1625
14.473839,0.54747033,-703.43555
14.473839,0.54747033,-703.43555
13.335225,0.46177518,-703.6913
13.068487,0.4496882,-703.9691
13.008327,0.4578277,-703.7578
17.539814,0.4764588,-704.98596
15.316018,0.5609978,-704.1297
14.604379,0.4269301,-704.8463
13.744108,0.4502778,-704.0188
11.939252,0.5281405,-702.7909
14.209986,0.5239453,-703.20026
11.988064,0.5508225,-702.79034
12.239367,0.5434212,-702.77454
13.422695,0.46377233,-703.657
13.859196,0.5473429,-703.15717
13.313007,0.5002482,-703.0681
13.313007,0.5002482,-703.0681
13.622358,0.48227254,-703.34644
15.335381,0.5362835,-703.80383
9.700789,0.61953574,-704.4946
10.16373,0.6050015,-703.8606
11.534098,0.5409286,-702.8098
13.308968,0.5472539,-702.9677
15.810285,0.52919227,-704.0298
14.651307,0.52050877,-703.37744
10.645584,0.46217328,-704.0029
10.503553,0.52211046,-703.1846
11.543584,0.5276936,-702.83545
11.989739,0.49007592,-703.1378
11.775895,0.53856206,-702.78217
11.775895,0.53856206,-702.78217
12.786918,0.41292238,-705.18933
11.509304,0.5885426,-703.1464
11.458801,0.53381133,-702.83044
10.743759,0.5684271,-703.1143
13.109837,0.5423802,-702.8937
14.281965,0.45141128,-704.0834
14.282091,0.4373557,-704.462
15.499061,0.48267406,-703.9127
13.991532,0.59533966,-703.9885
10.424113,0.44004893,-704.68774
12.222238,0.49577007,-703.04333
12.174414,0.5413593,-702.76984
13.9633255,0.4988181,-703.22504
12.816041,0.47329807,-703.41095
10.925398,0.54288304,-702.95447
10.120014,0.55714864,-703.36505
17.89098,0.48543534,-705.1736
19.044666,0.49384114,-706.0144
15.083617,0.45816556,-704.13684
15.969744,0.5181287,-704.0531
10.345138,0.5363654,-703.20886
11.78442,0.5781262,-702.99866
12.9438505,0.4993508,-703.02637
12.720766,0.6196443,-703.9668
10.617305,0.5085654,-703.2406
12.565516,0.6207806,-703.94006
10.952568,0.48664114,-703.4032
10.858164,0.47365397,-703.6731
9.773545,0.52391464,-703.6083
10.0955925,0.5313744,-703.36334
13.374797,0.5367331,-702.9446
11.157799,0.5527187,-702.902
