LE,gammaE
10.143494,0.40133646
9.750792,0.39035857
10.338791,0.40336284
9.284569,0.39086723
10.577568,0.3860913
10.689632,0.40243953
9.877756,0.39746702
10.235213,0.38744277
10.053292,0.39893585
9.694456,0.38252562
10.057183,0.40616068
10.044268,0.3845978
9.766238,0.39426997
10.033791,0.39235318
9.434528,0.38686603
9.272432,0.38251573
10.080193,0.38289157
10.080193,0.38289157
10.210808,0.388575
10.4398365,0.40314162
9.982789,0.3839215
10.880087,0.4004386
10.5986595,0.4074694
10.770037,0.3893869
9.756068,0.39880845
10.615146,0.3866061
10.361572,0.40301704
10.696766,0.3921783
10.696766,0.3921783
9.450316,0.39503345
10.97937,0.39175358
10.191932,0.38420358
10.115364,0.37096038
9.095353,0.40197843
10.161048,0.4001114
9.48625,0.4062693
11.18746,0.3844846
10.777421,0.38625935
10.694578,0.38863948
10.012604,0.39904568
10.6348715,0.39419743
10.058306,0.389657
10.170316,0.38115466
10.413321,0.37160847
9.788617,0.4103044
10.518878,0.38100633
10.774536,0.3935477
10.165359,0.38815266
10.053367,0.39489225
10.919424,0.38038936
10.860712,0.41903052
10.551693,0.41484955
10.522761,0.41069323
9.557466,0.38969228
10.76335,0.39636502
9.814809,0.4148101
10.386652,0.39842677
10.443143,0.40891293
10.043628,0.40406483
10.347661,0.38396966
10.482057,0.40222788
10.137264,0.38704085
10.137264,0.38704085
10.355544,0.39718145
10.363829,0.4010115
9.902004,0.3999863
10.110773,0.404182
10.161864,0.4106321
10.340637,0.3893274
9.512322,0.3997375
9.529774,0.3884206
9.770533,0.3970959
11.035521,0.3903041
11.132406,0.39073503
10.85622,0.38975
10.709703,0.39985526
10.977969,0.38616186
10.071098,0.39793828
10.674728,0.3943341
10.167118,0.3847886
10.339365,0.39539352
11.088768,0.3935117
10.820988,0.40636384
9.702355,0.38301057
9.965743,0.40008357
10.4077425,0.3842615
10.233651,0.40886357
9.78554,0.41883165
10.927528,0.3699411
10.811949,0.37898397
10.891559,0.3908392
9.828412,0.4018804
10.861322,0.38624144
9.379781,0.38745353
9.093387,0.38447818
9.750804,0.40349105
11.214006,0.3868752
11.185183,0.3848048
10.3957,0.39047617
10.215909,0.4015527
10.1885395,0.3842026
10.582424,0.39915693
10.206792,0.38753355
10.065858,0.3759553
10.056382,0.38443413
9.776093,0.39598608
9.737663,0.37679744
9.944399,0.40385485
10.111036,0.3829129
10.397636,0.40279827
10.397636,0.40279827
10.471813,0.39902824
10.140322,0.3917781
10.601677,0.39605314
10.088906,0.38736466
10.583323,0.40039277
10.144551,0.3797898
10.358786,0.38839114
10.3580675,0.38895553
9.854748,0.3913266
10.327648,0.38642803
9.566744,0.37719643
10.536785,0.39577785
11.395646,0.38493866
11.053186,0.3889484
9.515686,0.3979007
9.075951,0.40406018
9.793029,0.40393978
10.59139,0.38656777
11.215395,0.40308723
10.565183,0.38330042
10.721047,0.37296993
9.802263,0.40773785
9.547467,0.40715805
10.603014,0.3811281
11.330008,0.38257888
9.910621,0.39885712
9.4836855,0.39457598
9.615435,0.39684567
11.099141,0.3937383
10.403215,0.3907046
10.723039,0.3760067
10.3236475,0.39284065
9.768439,0.401692
10.116984,0.37252933
10.101333,0.37453198
10.042028,0.4119704
9.955325,0.41503197
10.359823,0.4092202
10.22659,0.3911511
10.103729,0.37831303
10.134791,0.38006932
9.991675,0.39607802
9.878213,0.40513408
9.793722,0.4054544
10.284522,0.38248855
9.902678,0.39435345
10.611031,0.39838737
9.90797,0.38803765
10.406815,0.40738428
10.875642,0.37647903
10.856113,0.37505957
10.1436825,0.40214774
10.563289,0.39080957
11.065851,0.40786457
11.431332,0.40443453
9.983077,0.3988088
9.983077,0.3988088
10.150815,0.39290303
10.506401,0.38741827
10.922426,0.39768773
10.034626,0.3821624
10.171295,0.37894052
10.089888,0.37871635
10.190296,0.3867441
10.252038,0.40276402
10.108398,0.3818186
9.485729,0.39689258
9.738697,0.38596794
9.958601,0.38363817
10.334278,0.40509334
10.35218,0.38586658
10.088391,0.40285704
9.134464,0.41018078
10.492874,0.3610884
9.678293,0.42884368
9.396378,0.39252546
9.567503,0.39249897
11.220746,0.39521867
10.586885,0.40332693
10.49077,0.38955417
10.1324,0.3975632
10.49184,0.3941828
9.970285,0.39384058
10.712937,0.40146777
9.652683,0.38857242
9.855369,0.38385805
9.971773,0.3952883
10.363981,0.39488804
10.342686,0.39724046
10.338808,0.3972102
10.370548,0.39389452
9.634589,0.37489694
11.054259,0.40957937
11.272027,0.42252913
9.870735,0.3796594
10.416325,0.40760672
10.427063,0.37872508
11.457214,0.39937764
9.255691,0.39090514
9.350694,0.39127687
9.945048,0.3888958
10.141659,0.39936545
10.828207,0.38956958
10.679102,0.38676283
10.016658,0.38960478
10.310677,0.40318868
9.938466,0.38182417
10.668198,0.38739055
10.434143,0.37494075
10.905749,0.40572372
10.185868,0.3985175
10.308376,0.39096943
10.503807,0.39730978
10.503807,0.39730978
10.320113,0.38422439
10.320113,0.38422439
10.749819,0.39930177
10.859678,0.3994791
9.788715,0.39380467
9.812112,0.38617077
10.637793,0.39959657
10.429572,0.38938093
10.209428,0.38949624
9.707566,0.39223477
10.458644,0.38657784
10.078789,0.39176944
11.088474,0.39741707
11.392329,0.40318504
10.984043,0.39657727
9.736431,0.40547866
10.293512,0.38056073
9.771164,0.38213208
10.997984,0.39329466
9.978064,0.40211678
9.860588,0.40174147
10.439493,0.39848584
10.391465,0.3898302
10.499155,0.3843414
10.036703,0.40171131
10.800559,0.38189295
10.082423,0.40797758
9.759977,0.41384128
10.866394,0.3792938
10.461482,0.38543075
11.202607,0.38572994
10.258363,0.40851855
11.060024,0.3964427
9.6602955,0.396363
9.734683,0.36621317
10.335446,0.42336926
9.975935,0.38668746
10.463936,0.3968856
10.196693,0.38180834
10.710843,0.410262
10.401998,0.37833038
10.76268,0.38287094
10.553906,0.38827023
10.468805,0.3902493
9.881221,0.3783678
9.9199705,0.37946534
10.4732485,0.40761882
10.577402,0.40638223
9.754587,0.38936064
10.804436,0.39614093
10.804436,0.39614093
11.075766,0.39359918
9.309614,0.41167107
9.703295,0.37114286
10.769523,0.42193103
10.133148,0.37385336
10.133148,0.37385336
10.233378,0.38293973
10.201644,0.40332618
10.606653,0.41075775
9.758392,0.37940383
10.568796,0.379968
9.719729,0.3953684
10.238784,0.39710823
11.032874,0.3988479
9.7725315,0.39353058
9.666458,0.39214492
9.99999,0.4046537
10.888389,0.39776576
9.882903,0.40140826
10.584127,0.3897878
10.371115,0.40463984
10.3051,0.38782597
10.225466,0.3958939
10.526483,0.39105335
10.721213,0.40194106
10.868662,0.4007158
11.284014,0.3917696
9.474605,0.40468872
9.499091,0.38538963
9.250224,0.39081112
10.893406,0.39988425
9.662216,0.38299558
10.683075,0.40295613
10.690362,0.38936108
10.291717,0.4011078
10.105524,0.39611647
9.985451,0.39356253
9.563129,0.39598823
9.463829,0.39489457
9.331596,0.38993683
10.923806,0.402304
10.298194,0.39977926
10.687551,0.37715974
11.055598,0.39196622
9.943676,0.3957651
10.770697,0.39351773
10.770697,0.39351773
10.619629,0.4060676
9.688319,0.38155854
9.697446,0.38421738
10.387205,0.40600243
10.293189,0.41453636
10.06538,0.41157112
10.06538,0.41157112
10.253771,0.38986525
10.253771,0.38986525
9.870797,0.38541347
9.961788,0.38076314
10.763506,0.4045146
10.914018,0.41468614
9.6984215,0.4020454
10.956196,0.38625684
9.704444,0.39398825
10.116792,0.39092132
10.357996,0.39334652
10.494602,0.39330518
9.855632,0.39307937
9.8028755,0.39427757
9.984289,0.3891242
10.925236,0.3926459
9.6938095,0.38185856
10.537809,0.40504423
9.992007,0.39201802
11.036873,0.40596274
9.951307,0.38680616
10.102903,0.3730181
9.815275,0.38207442
9.862138,0.38474303
11.336468,0.40063944
9.011883,0.40326822
9.249747,0.40937155
11.242356,0.38246748
10.280131,0.38208985
10.193725,0.37332526
10.572821,0.41918918
10.910376,0.40881506
11.158132,0.37960705
9.697138,0.40590617
10.384243,0.39728567
10.290009,0.40111578
10.367995,0.40105164
9.837709,0.4091331
10.209754,0.3852386
10.223158,0.38513258
10.223158,0.38513258
10.980467,0.39829186
9.675301,0.3948277
10.192427,0.3802663
10.192427,0.3802663
10.845955,0.40608168
11.152674,0.37753695
10.386457,0.4093002
10.451019,0.40436864
10.595327,0.39250565
10.328044,0.3940647
10.873361,0.38852465
10.488421,0.37756827
10.651299,0.4024995
10.663089,0.4050353
10.708132,0.38653737
10.057325,0.38408968
10.024416,0.3878917
9.2706375,0.38254496
9.881982,0.4018927
10.181813,0.40471026
10.973419,0.40483922
9.733518,0.39037699
9.667231,0.3925655
9.580743,0.41586062
10.197411,0.40781558
10.643742,0.40236583
10.622017,0.3911387
9.504872,0.38574317
11.045818,0.4013331
9.654613,0.38811308
10.497137,0.4028336
10.662425,0.40376353
10.195689,0.3958386
10.739059,0.41139603
10.2889595,0.39409816
10.367222,0.3965895
10.146883,0.39075887
10.057241,0.3899268
9.730998,0.39305168
10.701273,0.39086697
10.348796,0.39983383
10.270053,0.4095549
9.801798,0.39207837
10.03583,0.38321596
9.609223,0.38898048
10.843664,0.40230152
10.406797,0.38518095
10.674629,0.397899
10.003673,0.3932859
9.966678,0.39692232
10.004145,0.39762542
10.348833,0.37563658
9.711661,0.40168622
10.68523,0.38720226
10.725605,0.41827512
10.691547,0.40387496
10.697197,0.37721777
10.02395,0.41049683
10.693502,0.38371295
10.51833,0.38517857
10.444321,0.4145189
10.351577,0.39391795
10.80015,0.39813888
10.80015,0.39813888
10.80015,0.39813888
10.333816,0.39376828
10.8308325,0.38482568
10.194644,0.3920292
10.621563,0.39747646
10.6765995,0.4018256
10.431925,0.3912636
10.047458,0.3964925
10.449352,0.39132726
9.840131,0.3835753
9.88825,0.38525933
10.239594,0.3936122
9.757443,0.3851746
10.218031,0.4003955
10.38668,0.3950463
10.162327,0.38228077
10.316065,0.3976254
10.504137,0.39598274
9.841622,0.4038256
10.652689,0.40082124
9.813698,0.39246988
10.606886,0.402784
9.908308,0.40402672
9.973911,0.38962656
10.048941,0.41431788
11.635725,0.3907316
10.074164,0.38572368
9.73275,0.3938966
11.071971,0.39513934
10.518916,0.39407814
10.124306,0.39401034
10.293498,0.385493
10.485708,0.41062734
10.541207,0.39296037
9.99382,0.40585676
10.43272,0.4001135
10.5817585,0.39202803
10.097694,0.40764624
10.046965,0.37835577
10.046965,0.37835577
10.024905,0.4054768
9.383134,0.4159697
10.19582,0.37635696
10.620634,0.4156321
10.392702,0.41221723
10.211582,0.38608077
10.0308895,0.3974799
10.307388,0.40002784
10.263736,0.39595097
10.1692705,0.39019257
10.304609,0.38911164
10.194967,0.40038905
10.123837,0.41416824
10.123837,0.41416824
10.123837,0.41416824
10.231495,0.37473255
10.371043,0.38428625
10.042412,0.40116763
10.617778,0.41079572
10.983923,0.37696934
10.961448,0.3786311
11.086941,0.3840672
10.775604,0.38765472
10.775187,0.38478956
10.614892,0.38612348
10.053384,0.40210897
10.399805,0.39135593
10.353727,0.40127772
10.024451,0.39011154
10.551202,0.3989275
10.233676,0.39614376
10.928847,0.3967648
10.306951,0.3843037
10.987223,0.40602994
9.649134,0.384389
10.847418,0.40049675
10.465847,0.41319194
10.911877,0.39267567
10.712705,0.39750984
10.079179,0.40316007
10.629875,0.39827496
10.454395,0.39122772
9.95002,0.40686223
10.037038,0.40108693
10.037038,0.40108693
10.613068,0.38690293
10.596619,0.38680327
10.070983,0.39184335
10.869685,0.39764282
10.863944,0.40514326
10.129905,0.393487
10.409327,0.39342052
10.17262,0.39411262
9.934726,0.3928984
10.4509735,0.3914036
10.120333,0.38307393
10.034004,0.38203686
10.493702,0.38601395
10.305454,0.40500396
10.016023,0.38100466
10.207884,0.39062333
10.20034,0.3909404
10.20034,0.3909404
10.383137,0.40760264
10.030474,0.38122547
10.030474,0.38122547
9.495335,0.37538534
9.495335,0.37538534
10.640279,0.4004435
10.863786,0.40341166
10.958626,0.40587452
10.286396,0.38139188
10.184491,0.40352094
10.292217,0.41077575
10.6538315,0.3868241
10.032875,0.40441468
10.356394,0.3830098
9.997933,0.3947798
10.671207,0.39220226
9.946104,0.40002382
10.781132,0.41007343
10.778449,0.4060967
10.268428,0.39856902
9.478052,0.4100713
9.439402,0.3989518
9.522224,0.39105555
10.271599,0.3987082
10.435801,0.39364326
10.322981,0.3987286
10.172867,0.39287728
10.682741,0.39574376
9.979465,0.39085966
10.484519,0.39913112
10.136227,0.38856632
9.920827,0.384305
10.708024,0.40682742
9.961066,0.39341122
10.640152,0.41647303
9.871835,0.36971885
9.934707,0.37788078
10.925317,0.41153127
10.963568,0.40969852
11.049143,0.37617776
11.049143,0.37617776
11.049841,0.37838373
11.14411,0.37449846
10.506184,0.40606824
10.184814,0.3967066
10.332699,0.39207155
9.847315,0.39214814
10.586082,0.39781037
10.140895,0.39634407
10.140895,0.39634407
10.140895,0.39634407
10.346674,0.39292723
10.373932,0.40214366
10.176247,0.3848214
10.488912,0.40650848
10.249264,0.37905473
9.511118,0.4069905
9.595579,0.40814927
10.74865,0.38042888
10.052571,0.39518178
10.69305,0.40784928
10.798517,0.3918649
10.287598,0.39868388
10.407939,0.38765997
10.786442,0.41074267
11.0505705,0.3869267
10.198269,0.3894194
10.325878,0.40033376
10.071278,0.3842609
10.508019,0.39632502
10.200245,0.41097125
9.691746,0.37533486
10.308595,0.3922586
10.526864,0.39725304
10.2524805,0.39905444
10.298587,0.392629
10.538797,0.3949629
10.055582,0.39657506
10.293545,0.38966236
10.691506,0.39339164
10.352764,0.38759673
9.660841,0.38451535
9.561796,0.385077
10.707232,0.40480813
11.203266,0.40790728
10.9316225,0.40735683
11.036781,0.38603193
10.633013,0.38363928
10.682756,0.38233
9.515005,0.38281304
9.546254,0.38776776
9.2134075,0.38874444
10.688188,0.4118921
10.183151,0.41641837
9.681353,0.3771214
10.972971,0.39935642
9.724446,0.38896203
10.573585,0.38495633
10.290813,0.39531228
10.203809,0.37714958
9.589496,0.41073465
10.884835,0.3962829
9.657879,0.39523542
10.481771,0.38655907
10.419983,0.40066367
9.92164,0.40841207
10.518181,0.39252827
11.524937,0.38584346
10.22677,0.3964233
10.30847,0.38845938
9.861214,0.3852756
10.138736,0.38840336
10.431187,0.3989465
10.119356,0.39129853
10.485776,0.40709186
10.276578,0.3853829
10.093008,0.40699658
10.031603,0.3800463
10.655714,0.41111398
10.261151,0.38241088
10.1018095,0.38406575
10.3998575,0.40397334
10.489279,0.3852189
9.69976,0.40080646
9.889538,0.40904918
11.088204,0.3824707
9.72026,0.38076627
10.228139,0.37881437
10.0716715,0.40021828
10.630696,0.40781367
10.207587,0.395108
10.8968525,0.3982089
9.697092,0.40715066
9.884126,0.3706618
10.088627,0.40902472
10.088627,0.40902472
9.099119,0.38097593
9.9299135,0.3902392
10.257504,0.40468332
10.454999,0.38545454
10.454999,0.38545454
10.19938,0.4055117
10.419422,0.42050225
9.926817,0.39002022
10.723162,0.39768648
10.134582,0.39399844
9.882823,0.3931227
10.796347,0.39791492
9.690895,0.38829237
10.497042,0.3818541
10.696368,0.38948575
10.303192,0.41964382
10.122723,0.3693003
10.36688,0.38532314
10.374765,0.40624276
9.812078,0.39963922
10.278642,0.37556204
9.781347,0.3896086
9.799209,0.38830888
10.093266,0.41017717
10.116857,0.38899496
10.481779,0.40313682
10.116155,0.40542468
9.711392,0.40001896
10.429301,0.38391685
10.00273,0.386237
10.084407,0.39742765
10.868164,0.4039315
10.795995,0.41534555
10.774172,0.42217335
11.023359,0.4078711
11.047369,0.40426084
9.512438,0.38654503
9.571834,0.39260745
10.482487,0.40322587
9.817149,0.38247958
9.374126,0.3856438
10.523703,0.41051942
10.957711,0.38401404
9.616819,0.4034461
10.07592,0.39087424
9.978844,0.3893585
10.839084,0.40937248
10.104361,0.381457
10.391453,0.40616226
9.903589,0.39887726
10.244945,0.39924437
10.4300375,0.40386388
10.811707,0.3930679
9.764136,0.39329258
9.930148,0.41015607
10.70133,0.4066409
10.703284,0.39366463
9.5017185,0.3968996
10.431594,0.3906811
10.926693,0.39103198
10.705811,0.3885432
10.3272295,0.3995327
9.82294,0.40937242
9.82294,0.40937242
10.545181,0.4044645
9.9180975,0.39855802
10.5117035,0.41164723
10.468498,0.38616458
10.173225,0.39221448
10.057852,0.41001707
10.057852,0.41001707
10.434494,0.38060114
10.324017,0.38714033
10.756441,0.38376617
9.919488,0.3980319
10.957779,0.3865493
10.779447,0.38525638
9.901285,0.3897455
9.7915,0.38386896
9.651632,0.38297826
9.936383,0.38267982
10.180294,0.39517453
10.740296,0.39739951
9.573714,0.39581463
10.571878,0.394674
9.585873,0.39769328
10.522049,0.3764237
10.415386,0.38566753
10.376715,0.4040455
10.712273,0.3849472
9.85859,0.40720165
11.099615,0.38657537
11.259062,0.3980103
9.30632,0.39794698
11.634934,0.3874502
9.263773,0.39209738
9.459362,0.39288133
9.975074,0.38950357
10.751205,0.39867142
9.851537,0.39054558
10.20858,0.386092
9.714992,0.38788635
10.615287,0.39929807
10.941134,0.37558392
10.988506,0.38435194
10.794368,0.3997719
10.806473,0.38965198
10.804049,0.38662967
10.614984,0.40867227
10.56026,0.4018727
10.028443,0.38719428
9.4158325,0.40042335
10.429537,0.39353067
10.11849,0.39186668
10.223991,0.41409764
10.476945,0.3997766
10.538052,0.38030517
9.943868,0.39716128
9.958475,0.39718315
10.832627,0.39247733
10.370256,0.3901524
10.559512,0.4043271
10.298618,0.39987785
10.935793,0.38445696
10.254756,0.38648048
10.226037,0.39067385
10.534373,0.40008783
10.559545,0.40093195
10.335915,0.38749915
10.125112,0.3988061
10.520471,0.40204006
9.84673,0.38502964
10.3823395,0.40935865
10.355022,0.40709898
10.81297,0.38191694
10.384555,0.376984
9.527902,0.4061826
11.041702,0.38498813
9.878439,0.40339255
9.491381,0.38762417
10.2835245,0.40051588
9.569695,0.37687248
10.99428,0.40797856
10.962149,0.4059575
11.349373,0.40246904
10.059612,0.38701808
10.56141,0.39474627
9.927018,0.391882
10.241831,0.38365823
10.241831,0.38365823
10.788735,0.40749863
10.866423,0.42489025
10.159502,0.40576085
10.250571,0.41188806
11.106249,0.40507135
9.524186,0.3789103
10.111665,0.40589792
10.204789,0.38976148
10.604799,0.40056327
10.729452,0.39088187
9.611471,0.39770836
9.611471,0.39770836
10.858648,0.40695688
11.097911,0.40571865
9.207125,0.3780429
11.556282,0.40834314
10.152524,0.39774722
9.664029,0.39391676
9.827706,0.39269957
10.567432,0.39706016
10.062218,0.38752306
10.69273,0.40370995
9.693853,0.38661015
10.544367,0.39830747
10.829384,0.37989995
10.330564,0.4013665
10.603378,0.39202383
9.88315,0.39114597
10.405214,0.3996635
10.78567,0.4095916
10.166585,0.38805273
9.752657,0.405568
10.393284,0.38099042
10.528402,0.39714208
10.219717,0.38750488
10.2365675,0.3904799
10.328615,0.39087075
10.917459,0.40193695
10.779827,0.39035398
9.850287,0.40317494
10.547464,0.38491994
9.912464,0.3997995
10.710539,0.38898557
9.389164,0.39088827
10.128388,0.3902052
10.691843,0.39429367
10.61242,0.3963468
9.799239,0.40328342
9.484685,0.40606683
10.707243,0.39418197
9.994754,0.4071433
10.574522,0.3923101
9.813751,0.38440493
9.646226,0.3817775
11.037278,0.3917167
9.832696,0.39848745
10.691547,0.39862826
10.254585,0.39199543
10.333352,0.39467034
10.333352,0.39467034
10.167293,0.38126191
10.304708,0.4055673
11.2558365,0.4026517
10.143646,0.38503772
10.218416,0.39881077
10.442152,0.3947176
9.76877,0.3993714
9.588894,0.40257603
10.509651,0.3954472
10.23258,0.39337218
10.309003,0.39680153
9.860398,0.40097067
10.525441,0.39847618
10.103953,0.39488977
10.782669,0.38981277
10.442842,0.4027232
10.379615,0.4056897
10.063309,0.3937384
10.407996,0.40195823
9.368347,0.40317318
9.972179,0.40134498
9.269245,0.37436193
9.697261,0.40208194
10.999971,0.38590991
10.360409,0.40494633
10.238813,0.3869044
10.429043,0.382379
10.460207,0.40845597
10.54134,0.3874286
10.148257,0.4018517
10.546625,0.38454264
10.492113,0.38369864
10.143531,0.3814939
11.133107,0.40795392
11.014405,0.403442
9.716335,0.3870735
11.264352,0.39440048
9.784543,0.4029719
10.229561,0.38666353
10.206748,0.4000141
10.641073,0.38985592
10.493071,0.4014872
9.932039,0.40217716
11.1227,0.3934001
10.472182,0.41122434
10.461255,0.41238302
9.725805,0.39343062
9.811901,0.39086124
10.649484,0.39218414
10.065227,0.38845468
10.229429,0.40042847
10.242659,0.38669437
10.493872,0.39294383
10.037323,0.3969396
10.037323,0.3969396
10.582293,0.39420703
10.395941,0.3961613
10.224062,0.39134455
9.4053545,0.39773193
10.54569,0.39586824
10.32458,0.40202433
10.880194,0.39513126
10.503962,0.4008847
11.170645,0.39479783
11.322046,0.3977914
11.247694,0.38165194
11.23419,0.3714872
11.284687,0.39137015
10.652143,0.40145648
10.02442,0.38753816
10.4657955,0.3901501
9.921307,0.3905666
10.6600485,0.39920318
10.185647,0.38878626
9.988446,0.39275247
10.567004,0.3949954
9.86475,0.40265194
9.840602,0.4007639
10.259177,0.3965299
9.735581,0.3905183
9.6573105,0.39321315
10.255622,0.38034296
10.249919,0.38415247
9.895348,0.3922799
10.679483,0.3827036
10.33906,0.410739
10.464206,0.3819372
10.449748,0.414778
9.348839,0.3861601
9.608761,0.38656873
10.49906,0.3889179
10.24662,0.39114213
10.24662,0.39114213
9.626205,0.39114326
9.626205,0.39114326
10.832007,0.4053688
10.754068,0.40985274
10.841681,0.41213876
9.917052,0.39067936
10.406413,0.39380744
10.191579,0.40180328
10.191579,0.40180328
10.664009,0.38815612
10.3607025,0.38736102
9.310464,0.39407626
9.871859,0.38596985
10.437515,0.39747462
10.040941,0.39138246
10.094847,0.38364676
10.390224,0.40231666
10.048085,0.39239758
10.163909,0.39262447
10.091735,0.39631692
10.091735,0.39631692
10.263806,0.387343
10.635079,0.4002271
10.570512,0.39514062
10.058927,0.39466587
9.922192,0.39253876
10.321178,0.39282548
10.478461,0.39762184
10.384213,0.38926646
9.243665,0.3805258
9.425214,0.3803753
9.86628,0.398318
9.890417,0.39308795
9.484675,0.38648263
9.856656,0.37304404
10.530311,0.390457
9.978315,0.39092985
9.751703,0.40186974
9.872383,0.4127224
10.626011,0.42251074
10.724826,0.42382932
10.615892,0.42139223
10.20302,0.4021929
10.428715,0.39625657
9.935933,0.41085044
9.517785,0.37885028
9.771546,0.39506778
9.591713,0.4015494
9.367243,0.4019824
9.165269,0.40700555
10.360221,0.37623557
10.288348,0.37424022
9.948508,0.4021685
9.513601,0.39729905
9.77924,0.38704106
9.318783,0.39686993
10.350846,0.38504285
9.651064,0.38997772
9.765728,0.38893932
9.871305,0.38617337
10.176863,0.39886397
9.649534,0.39458323
10.127485,0.37909713
10.181677,0.3940826
10.82856,0.39459252
9.759737,0.393322
9.992521,0.39817843
9.915383,0.3988991
9.751852,0.3955138
10.28211,0.39874005
10.267975,0.3888305
9.667571,0.40284246
9.532551,0.40382063
9.912691,0.3944917
10.47231,0.3962806
9.901967,0.38490164
10.121373,0.40070933
9.24393,0.3805785
9.271065,0.3833489
11.401432,0.4105415
11.597087,0.40905404
11.315357,0.40297294
10.196421,0.3919512
10.196421,0.3919512
10.103474,0.39944252
9.479483,0.39367685
9.754227,0.39877677
10.372925,0.39220157
10.592951,0.39126948
10.471338,0.404656
9.118456,0.3903531
9.443222,0.38198128
9.616489,0.38386846
11.029072,0.40252122
10.575766,0.38886794
10.91466,0.39693758
10.179335,0.4026169
10.093065,0.39494675
10.222113,0.40388924
10.652617,0.41099256
10.680497,0.393826
10.445887,0.36995965
10.635338,0.39324367
10.86648,0.3929121
10.138646,0.3886179
9.985067,0.41066387
9.651756,0.37414157
10.895234,0.4019394
9.871246,0.39218184
10.465197,0.39387867
10.465197,0.39387867
10.401348,0.40434873
9.712772,0.39232102
9.650385,0.39646748
10.960476,0.38634542
11.193465,0.3811624
11.598438,0.40561703
9.627884,0.38666448
9.72246,0.39665717
10.117675,0.39424893
10.209494,0.40773705
10.019271,0.40204716
10.214909,0.39911315
10.650855,0.38467324
9.742982,0.39329305
9.761485,0.38881463
9.966558,0.38850355
10.77318,0.40057853
11.089383,0.3951011
10.766468,0.38447058
10.420679,0.39163515
9.9259205,0.40482238
10.576186,0.389693
10.531739,0.3888048
10.54133,0.3849927
11.06626,0.38908786
10.085159,0.3914162
9.867578,0.39754155
10.06585,0.3947066
9.4638605,0.38484928
9.482173,0.38761136
9.601282,0.39549324
10.449065,0.38549554
10.410095,0.39708763
9.872539,0.398098
10.376106,0.4093916
10.238544,0.41827488
11.133676,0.38859233
9.850943,0.39251694
10.210833,0.3946308
10.514277,0.3765707
10.118881,0.41210505
9.970899,0.39619312
10.073807,0.40665427
10.741889,0.38385716
10.797807,0.38380364
9.685777,0.40618613
9.530965,0.40739405
11.129023,0.38231003
11.003896,0.385689
11.257597,0.38973492
10.274276,0.40962216
10.584574,0.41676623
10.699156,0.41579658
10.648133,0.41561475
10.648133,0.41561475
10.034509,0.3968292
10.217997,0.38877857
9.638336,0.39741954
9.37302,0.3938129
10.246381,0.39424163
9.739679,0.3861576
9.778762,0.39124933
9.736201,0.37483662
9.343867,0.38924092
9.244644,0.3891779
11.512493,0.3917953
11.107409,0.38939923
10.958346,0.40536857
9.637038,0.38433033
10.87045,0.40782732
10.700526,0.38609675
9.951715,0.3991114
10.21019,0.38118213
10.107175,0.37964603
10.353687,0.38085154
10.568997,0.4074371
10.052492,0.39196825
10.634977,0.403527
9.987594,0.3865228
9.915367,0.38630548
9.862364,0.3946784
10.80501,0.38966966
10.691927,0.3901537
10.619694,0.39777836
9.908404,0.3798508
11.208111,0.40351897
9.211803,0.40095565
10.8800535,0.39034146
10.335939,0.39524743
10.478529,0.40201965
9.836385,0.39713785
11.22111,0.38927215
11.24283,0.38911507
10.663895,0.39113316
11.23824,0.39236248
9.73683,0.40675953
10.256666,0.40375158
10.014683,0.39057735
10.107076,0.3969058
10.683804,0.40992057
9.615856,0.36668405
9.472023,0.39674804
10.755187,0.39753592
9.603695,0.37734842
10.334535,0.3922513
10.332778,0.41366938
10.611854,0.38103798
10.595049,0.40427446
10.489177,0.39168388
10.151473,0.37879628
9.568943,0.38453376
10.178428,0.39045686
10.346161,0.39921328
10.259562,0.39175978
10.914955,0.40288958
9.483887,0.3889423
10.316977,0.3947357
10.300628,0.39341518
10.760783,0.40359566
10.231232,0.3794932
10.369263,0.39553833
10.369263,0.39553833
10.851824,0.39165005
9.900335,0.39365894
10.69973,0.400049
10.18983,0.40610644
9.831569,0.39397982
10.299301,0.3991341
10.45941,0.3898684
9.818496,0.38744348
11.027228,0.4108007
9.578438,0.37724304
9.65531,0.39417875
10.245306,0.4126614
10.650078,0.38337183
10.311088,0.4057563
10.519342,0.40336594
10.447962,0.3932439
10.563904,0.40230393
9.498258,0.3874319
9.756608,0.3984052
10.262786,0.3893405
10.3522215,0.3973455
10.093634,0.3938355
9.955665,0.40094906
9.824082,0.40413567
10.566065,0.3854492
10.460083,0.39917564
10.392343,0.3880103
11.297834,0.40171742
9.964057,0.38174534
9.906045,0.41044503
10.047586,0.40780818
10.024989,0.39150965
10.159653,0.39383236
10.223847,0.3936005
10.635596,0.40197468
10.427377,0.40704113
10.422518,0.40930584
10.63319,0.39361337
9.688803,0.40432203
10.837592,0.38021725
10.629956,0.39318272
10.900384,0.3892804
10.98983,0.3897135
10.760201,0.39370948
10.031413,0.39909568
10.851546,0.39191326
10.545762,0.3973998
10.067759,0.3931984
10.453947,0.39558855
10.588694,0.38658896
10.819832,0.38989782
10.747638,0.389977
10.668933,0.37984267
10.086708,0.38986918
10.536227,0.3942464
9.680088,0.43196255
9.590574,0.39822868
9.385805,0.39938283
9.558671,0.39571103
9.5723295,0.38711244
9.954354,0.3847456
10.687643,0.40955257
10.263231,0.40861827
10.04086,0.3929414
10.545773,0.39806017
10.554372,0.3995396
10.571112,0.39665982
10.217451,0.3875881
10.392523,0.39360762
9.995235,0.38201445
9.987053,0.39373678
9.95001,0.40162143
9.714445,0.39134267
10.461519,0.40149936
10.239072,0.39117777
11.625196,0.397317
12.092463,0.42069122
11.609528,0.41313872
8.94021,0.37937212
10.520571,0.38767156
10.571749,0.38527408
10.716721,0.41535065
10.7974205,0.412186
10.927948,0.39173537
10.169324,0.3988493
10.750454,0.40637314
9.876821,0.38017473
9.616901,0.39843473
11.170232,0.3975516
11.097162,0.3917522
10.96796,0.39062577
9.402452,0.4090335
10.497397,0.39786997
10.548168,0.3946517
10.548168,0.3946517
9.997768,0.40565667
10.522924,0.38301635
9.490851,0.4003069
10.095692,0.38328558
10.058879,0.40220073
10.36884,0.39252573
10.456477,0.3787813
10.194002,0.39574847
10.14892,0.3831727
11.055103,0.39165902
10.614468,0.40008646
9.730849,0.39971775
11.213237,0.39073965
9.456118,0.39207253
9.509077,0.3925371
9.691778,0.3821331
9.724096,0.40865842
9.741037,0.40649953
10.128157,0.40789726
10.559494,0.40476847
10.821868,0.398231
10.340004,0.41350943
10.831773,0.38892138
10.594817,0.4003972
10.388201,0.3938601
9.509885,0.37991124
9.592964,0.4135455
10.491665,0.38337585
9.617207,0.40751234
11.148901,0.37806565
11.296194,0.37507862
11.169372,0.41591394
10.826488,0.41765144
10.892154,0.41591495
10.189711,0.40405762
10.640444,0.41490823
9.771877,0.38299337
9.683435,0.37993154
9.414137,0.38624763
9.375813,0.38385934
10.014087,0.3865248
10.237056,0.40581805
9.219008,0.39180925
10.994214,0.40189746
11.143079,0.38166437
10.9562645,0.38728005
9.548774,0.40801984
9.86269,0.3976819
10.291859,0.39989954
10.760914,0.3887362
10.844408,0.4030441
10.825992,0.40990496
10.770404,0.4057088
9.751636,0.38009256
10.326759,0.40415442
10.55785,0.38289946
11.059751,0.38630864
10.826126,0.39537525
10.053875,0.3853069
9.420035,0.40367877
9.636085,0.374943
9.770901,0.40770444
9.507082,0.40432835
10.237441,0.40301377
10.208014,0.4048613
9.703407,0.38124597
10.601784,0.3969647
10.38907,0.39549658
10.364379,0.40222865
10.105579,0.38238025
10.767805,0.39627832
9.999822,0.4116196
9.98431,0.4051654
11.078741,0.39835587
10.01046,0.40179104
11.467115,0.3918208
11.128962,0.38894323
9.5780525,0.3938041
10.029692,0.3967299
10.141601,0.40116116
10.35546,0.3904815
9.227353,0.38007164
10.276995,0.40567705
9.922326,0.38798782
10.714986,0.40344968
10.352453,0.41389433
10.330736,0.4230783
10.381179,0.3928967
10.797899,0.39144284
10.096767,0.3969405
10.603859,0.39881554
10.539345,0.3823085
10.6319,0.40434775
10.385099,0.401647
9.714009,0.3895221
10.950628,0.39467856
11.189249,0.37770617
11.173178,0.37963456
10.288726,0.39478183
10.017982,0.39527237
10.7472,0.40477678
9.848494,0.39936236
9.82197,0.3995959
9.72888,0.40102142
10.147267,0.3831805
10.429476,0.40361017
11.206772,0.39416063
11.264397,0.39262974
10.10851,0.3707598
11.475166,0.40444413
11.152466,0.40044296
10.105628,0.38678512
9.981067,0.3987636
10.2000675,0.39200243
10.220015,0.3908098
10.2036915,0.40087885
10.427548,0.3868385
10.34011,0.4016433
10.190277,0.38806176
10.776684,0.3905941
9.780529,0.40281114
10.859992,0.3890307
10.552576,0.38820913
9.981807,0.40204427
9.958198,0.37908477
10.090992,0.40546012
9.988849,0.3950999
10.8439665,0.38780087
10.312275,0.39085007
9.990985,0.38744023
10.56771,0.40301844
10.772938,0.40382525
10.816374,0.40564418
9.796784,0.3855546
10.428891,0.40683433
9.987562,0.38650826
10.005357,0.38675576
10.626736,0.397815
10.138512,0.3804082
10.477025,0.40775502
9.66803,0.3893366
9.725404,0.40087304
10.78639,0.39076796
10.638549,0.40272877
9.922224,0.39860344
10.007196,0.39788198
10.116222,0.38468724
10.059612,0.38081804
9.83535,0.41485998
9.274962,0.3792261
10.484491,0.38412213
10.16969,0.40221545
10.362114,0.39839637
10.408966,0.3994825
10.477917,0.42719197
10.670922,0.39196083
10.728895,0.3867017
9.794262,0.4096453
9.794262,0.4096453
9.761681,0.37966254
10.040585,0.37826467
9.567155,0.4075587
11.126686,0.395447
11.120289,0.39469752
10.306327,0.39855865
10.617135,0.39121446
11.187548,0.3987455
10.055858,0.3982388
10.386021,0.40710363
10.7602625,0.40825516
9.258399,0.37254912
11.069326,0.4000782
10.116941,0.38842276
11.326437,0.39384365
9.285738,0.40892568
9.428782,0.40726522
10.547976,0.37827918
11.479764,0.3837447
9.981585,0.40628096
10.973673,0.3881606
10.821494,0.38915795
11.07192,0.4046116
10.341867,0.3917129
10.417703,0.40035406
10.768345,0.39028317
10.205724,0.38917375
9.877687,0.3900093
10.590632,0.4006783
10.895668,0.3996475
10.190061,0.39935747
10.1781845,0.4013403
10.34445,0.3845164
9.696493,0.39880034
10.716999,0.3944145
10.546109,0.38673893
11.087139,0.39003974
9.59121,0.39644346
10.519681,0.3962496
10.267816,0.38134882
10.391129,0.4021366
9.741539,0.3897715
10.276181,0.3957
10.588105,0.39629182
10.6632185,0.39527565
10.247126,0.39772362
10.348885,0.4068403
10.222583,0.38791573
9.355479,0.38721907
9.869806,0.39823592
10.51642,0.39422292
9.883331,0.39438206
10.020355,0.3962726
10.457504,0.38560736
9.8859005,0.39608827
10.59886,0.39536804
9.684352,0.39693314
10.353633,0.3922337
10.507967,0.3984174
10.153589,0.39910892
10.438709,0.38728678
10.438709,0.38728678
11.518522,0.3957845
9.931935,0.40521386
10.06904,0.40236145
10.666832,0.3931604
9.967269,0.3950224
10.216442,0.39326435
10.824698,0.38601476
10.606122,0.39819783
9.418924,0.3914814
9.34252,0.3977441
10.685563,0.38336143
10.173347,0.4187403
10.493687,0.37249386
9.79355,0.39293283
10.078417,0.40197843
10.670248,0.39120063
10.259618,0.40837023
9.992252,0.38888875
10.187773,0.3805231
10.257715,0.376115
10.938412,0.37755266
11.193052,0.3775511
11.32911,0.37520406
11.069329,0.37898088
9.692991,0.40518013
10.17671,0.39462033
10.505427,0.38447696
10.457881,0.40531844
10.436495,0.37872106
9.992281,0.40276703
9.674837,0.3859268
10.135732,0.39139923
10.1787405,0.40265667
9.363213,0.39533058
9.236968,0.3973942
11.410311,0.39236617
11.612299,0.3935385
10.265739,0.40028784
9.657352,0.38846895
10.75777,0.39893
9.487014,0.3921194
9.276406,0.40066975
11.187649,0.4158574
11.089183,0.4097178
10.867903,0.41217002
11.350615,0.39697576
10.707357,0.3955504
10.21381,0.38690096
10.99548,0.3971213
11.216953,0.38473505
10.768709,0.39186984
10.282348,0.39322078
10.282162,0.3925387
10.348954,0.38884363
10.209002,0.4018384
10.539448,0.39262757
9.467438,0.39084214
10.335168,0.39930764
10.162184,0.38674003
9.799755,0.40274638
9.842906,0.40260607
10.425194,0.3968058
10.074726,0.41938657
10.192911,0.37546358
10.651322,0.388163
10.531561,0.39379102
10.584773,0.39912656
10.601076,0.3929251
10.217561,0.40749305
10.149735,0.3966385
10.315388,0.4055146
10.207904,0.40544975
10.991444,0.40985128
9.616459,0.3775088
9.505192,0.4004537
9.289404,0.40682402
10.508067,0.38139322
10.947431,0.38479957
11.299858,0.38284937
9.842749,0.40027446
10.144005,0.39714843
10.478346,0.39220047
11.140197,0.4007245
11.140197,0.4007245
9.311168,0.39057466
9.662163,0.39453548
9.605243,0.39719972
11.069946,0.3844034
10.762849,0.38316864
9.909553,0.4020934
10.20018,0.4029328
10.186138,0.40088657
10.462126,0.3879874
10.462126,0.3879874
9.441416,0.3961054
10.509914,0.40060142
10.104958,0.4045382
10.200705,0.40503216
10.005905,0.38662618
10.026531,0.39794084
9.98502,0.3864112
9.640678,0.3936886
9.786388,0.3885396
10.33692,0.39710984
9.708702,0.38066328
10.325525,0.40698513
10.377848,0.38399982
10.518893,0.39782986
9.899776,0.38717693
10.174237,0.38448283
10.1469,0.39668927
10.355435,0.37848392
10.091425,0.4094818
10.51873,0.41149807
10.255308,0.39127818
10.270115,0.395277
10.426554,0.406008
9.752652,0.3822401
10.755281,0.40299892
9.6160555,0.4181572
9.80507,0.39687285
10.575193,0.39606223
10.516431,0.38387543
10.531164,0.39289546
10.19962,0.39283186
10.709681,0.39785278
10.533055,0.40519595
9.83597,0.40544575
11.094911,0.3975295
10.258473,0.4032385
10.852473,0.38763624
10.421059,0.40428495
10.229963,0.3880299
11.162013,0.3956196
9.767063,0.39092693
10.849152,0.39344043
10.713857,0.38926595
10.750934,0.39483997
10.303538,0.3987487
10.118058,0.39952746
10.509012,0.38962245
10.176115,0.3943417
11.08568,0.39701542
10.33202,0.3930387
10.785557,0.4027323
10.234879,0.40238497
10.731796,0.38819912
10.717527,0.40124026
10.296642,0.39938372
10.543552,0.40267172
10.918169,0.39211833
10.06966,0.39671984
10.097996,0.3820984
10.163195,0.38251823
10.516534,0.40330803
9.904527,0.3815098
9.810369,0.39347783
10.769747,0.39651114
10.7878685,0.39223182
11.319164,0.40224424
10.024286,0.3934402
10.704264,0.4076961
10.747645,0.40931892
11.188604,0.40384123
11.263248,0.41292518
11.35862,0.4196314
11.35862,0.4196314
10.620405,0.40517876
10.253529,0.3881032
9.903705,0.39854085
10.38775,0.38757625
9.529034,0.36897564
9.534897,0.36555532
10.781259,0.3955006
10.446483,0.39778987
10.11409,0.39888135
10.7668295,0.39697194
10.516308,0.3987686
10.613169,0.37369883
11.10106,0.39963087
9.907275,0.3858995
10.105852,0.39738974
9.806684,0.38377905
10.116071,0.4076551
11.390909,0.40415657
10.395824,0.40853208
10.221455,0.39231226
9.482795,0.39911926
9.949618,0.37986875
9.804841,0.4102121
10.630204,0.39437345
9.726141,0.38030007
9.442465,0.39291334
10.592478,0.39355117
9.964403,0.38781342
10.490587,0.398158
10.573135,0.38922456
10.29895,0.38683912
10.326225,0.3863371
10.887434,0.40582928
9.792457,0.39064243
9.912904,0.37658516
9.72299,0.39171597
10.329598,0.39848688
10.0811205,0.40565217
9.952226,0.38416266
10.004742,0.4006822
10.343125,0.4096177
9.873791,0.38277832
10.000448,0.38410088
10.216379,0.39109862
9.787887,0.3848455
10.398937,0.39249763
10.849301,0.40401325
10.655607,0.40538827
10.293116,0.39221838
10.170221,0.39762628
10.44396,0.39470765
10.510418,0.38398358
10.507403,0.38247937
11.785242,0.4024236
11.745865,0.40143606
10.948475,0.38724583
10.603369,0.40004006
10.53888,0.38685778
10.308889,0.38914526
10.1118,0.39627615
10.643211,0.39149424
10.527855,0.38732266
10.374781,0.40110692
10.21333,0.39980778
9.758022,0.38077626
10.396592,0.38813567
9.997364,0.39573136
11.123787,0.38894337
9.348309,0.4054725
10.180677,0.3858951
10.90363,0.3994719
10.636776,0.37782714
9.584988,0.3981815
9.74196,0.3988009
9.850924,0.39796418
10.312194,0.3898079
10.339972,0.36900738
9.686155,0.39491305
9.728483,0.39529917
10.316652,0.36704817
10.083647,0.42005274
10.083647,0.42005274
10.824074,0.40031463
10.674922,0.39915836
9.963463,0.38715178
10.015242,0.38962755
10.630308,0.3949052
10.1198845,0.3994038
9.546228,0.38724822
9.595375,0.39001548
9.5401945,0.38945997
10.990126,0.3813212
11.000876,0.39635006
9.655642,0.38876054
9.777647,0.39712045
10.199711,0.41730076
9.881202,0.40007472
9.902857,0.39989763
10.289557,0.38557404
10.275277,0.40259045
9.590968,0.38496554
10.552188,0.39037597
10.655887,0.4099229
10.810993,0.41151378
10.581506,0.41330317
10.770424,0.4124719
10.750229,0.40874347
9.796782,0.37812784
9.907675,0.40021238
10.352722,0.39348912
9.978815,0.39443034
10.431131,0.39377642
9.929568,0.4028267
10.347614,0.40700185
10.769384,0.38627127
10.8122225,0.38136083
10.827109,0.39005968
11.555687,0.3951633
10.923611,0.38717723
9.864873,0.40933657
10.370361,0.3896072
10.211197,0.4002488
9.687331,0.39159274
11.379334,0.38602847
10.747302,0.39595506
9.693581,0.39487773
10.257764,0.3912526
10.712148,0.39370158
10.547128,0.40296787
10.547384,0.40623397
10.057668,0.38538116
10.087111,0.3936935
10.72378,0.3985165
9.942995,0.3783259
10.547211,0.403272
10.300807,0.3988782
10.724097,0.3846301
10.054309,0.3860282
10.510743,0.40167242
10.240405,0.3859501
10.304648,0.3861698
10.031966,0.38158837
10.602926,0.40289983
10.549537,0.40120533
10.175875,0.39430496
10.178942,0.39456135
10.413181,0.3981756
10.320557,0.3873209
10.299685,0.39240584
9.697589,0.3836981
10.893616,0.4060373
9.926131,0.3934477
10.308551,0.39624122
10.275836,0.3862671
10.110664,0.4026198
11.145834,0.3885973
11.537399,0.3911075
9.466622,0.3689077
10.047973,0.39734212
11.034663,0.38798726
11.613827,0.3897682
10.003348,0.40439257
9.500195,0.4031902
10.322142,0.38055745
10.069765,0.3924085
9.996911,0.40171537
9.846678,0.37840855
10.036172,0.40557343
10.247338,0.40687183
9.893356,0.38512757
9.855579,0.39284292
9.807913,0.3937379
10.212219,0.38995457
11.075448,0.39946142
10.239243,0.39987156
10.391634,0.39270627
10.228207,0.40411866
11.069385,0.39292976
10.280955,0.38105306
10.204609,0.3858197
10.557369,0.38932416
10.773239,0.39590803
11.077614,0.3779987
10.140353,0.41459882
10.805161,0.40535188
9.82105,0.3821481
9.78236,0.39814815
10.852825,0.3888961
11.06343,0.39089203
10.700633,0.39179716
10.479488,0.40066937
10.72177,0.3950552
9.862932,0.40712553
9.847556,0.38108054
10.313649,0.37160975
11.176039,0.3937942
8.9977665,0.38688666
9.085886,0.39009815
9.600744,0.37689525
10.798726,0.39397174
10.08842,0.39943466
10.265867,0.3887773
10.243054,0.39082876
10.82234,0.39646712
9.599322,0.40247387
10.162867,0.3867189
9.758116,0.41177502
11.542403,0.4216685
11.509145,0.4204088
10.833754,0.3983128
11.277839,0.3900951
9.921827,0.39352867
10.411709,0.41051644
10.351145,0.40805593
10.351145,0.40805593
10.006585,0.4050158
10.036251,0.4072791
9.866639,0.38842258
10.543225,0.39178452
10.89837,0.4017453
10.94349,0.39840758
10.802238,0.4058992
10.3462925,0.38303727
10.081471,0.393296
10.076043,0.4052955
10.979409,0.3907006
11.18779,0.39986017
10.268753,0.38721392
10.886037,0.38948968
10.948717,0.38708466
9.671636,0.39659044
10.103705,0.3939405
10.572548,0.40249375
10.028568,0.3883529
9.910808,0.38722464
11.15989,0.40750834
10.979984,0.40454876
9.481644,0.38750985
9.403368,0.39181337
10.255658,0.3880514
9.716543,0.39586705
9.883991,0.3844876
10.411741,0.39053947
10.195212,0.39418206
10.637666,0.39065856
10.356564,0.4003555
10.051236,0.39082053
10.038062,0.39097303
10.443661,0.38680527
10.671159,0.3865277
10.731453,0.39673382
9.451576,0.4230838
10.419603,0.3695532
10.374785,0.40568
10.126811,0.39126346
9.682106,0.39153907
10.665476,0.41474658
9.764658,0.38252008
9.335891,0.3914336
10.203534,0.39274785
10.203534,0.39274785
10.086049,0.3918721
9.935166,0.39965248
10.234222,0.39952016
10.084837,0.3933053
10.2247715,0.39494288
11.038531,0.4008786
10.430624,0.386085
10.440111,0.39710015
9.922147,0.39365962
10.077949,0.38251665
10.281569,0.3726433
9.809441,0.38695455
9.336717,0.37327936
10.271929,0.39090836
10.304879,0.38972828
10.790009,0.39480737
9.881866,0.40228525
10.778796,0.39074478
9.789847,0.40694225
10.080156,0.36633787
10.860033,0.4168849
11.205706,0.3953984
11.011672,0.39599997
10.184141,0.39373192
10.442588,0.39378414
10.18093,0.38777873
9.541628,0.39182693
9.832769,0.38843834
9.94598,0.3863735
9.901001,0.39854443
10.238781,0.39215136
10.110988,0.3902273
10.075896,0.39849895
10.161542,0.39756998
10.451729,0.3909427
9.7089405,0.40199092
9.596204,0.40282956
11.097051,0.3846712
10.261127,0.4176758
10.108027,0.41286922
9.972147,0.4132617
9.95168,0.3825772
9.939926,0.41065878
9.547003,0.36685598
10.411371,0.3975709
10.004618,0.40425315
10.303022,0.39015403
11.128561,0.41039515
10.049602,0.38311732
10.23333,0.39804462
10.221466,0.39699894
10.670489,0.3751531
11.011381,0.3952963
10.219303,0.39034203
10.8314085,0.39425108
9.999073,0.39567333
10.696426,0.3914383
10.190962,0.39940563
10.146438,0.39265034
10.390975,0.39203528
10.082784,0.39934024
9.575566,0.40019113
10.455288,0.38009298
9.799726,0.38897267
9.992243,0.398105
10.330943,0.404075
10.235037,0.38379556
10.480923,0.40471977
11.71205,0.39200085
10.372049,0.4087897
10.398957,0.404877
9.832509,0.3933221
10.009818,0.39246374
10.119679,0.38292316
9.608047,0.40960848
10.194734,0.3970932
10.490347,0.39226586
10.688675,0.40088114
10.387663,0.39612916
9.974798,0.38731152
10.663834,0.39261484
9.996806,0.3966129
10.252972,0.37062865
10.287977,0.37890705
10.62647,0.39822957
10.170355,0.39508423
10.351622,0.39292488
10.565339,0.39081016
10.49736,0.38829306
10.67269,0.38414863
10.81239,0.38496706
10.476433,0.4031576
10.000172,0.3954415
10.000172,0.3954415
10.950954,0.40850294
10.7603655,0.39640212
10.900327,0.4004758
10.189699,0.38015336
9.604847,0.40138915
10.06575,0.40548342
10.007372,0.39371026
10.041952,0.39323446
10.876366,0.38764423
9.546429,0.41126463
11.197203,0.3753391
9.414251,0.4151413
9.440694,0.41102856
10.553509,0.37401283
10.357993,0.41623998
10.606438,0.40987283
10.621675,0.415671
10.458961,0.41309196
9.854567,0.4038047
10.917602,0.3968526
9.945833,0.38169986
10.700957,0.40944505
10.413116,0.37989172
10.774415,0.39762607
9.203148,0.39613998
9.229996,0.40051305
10.183641,0.39035094
10.693653,0.4028113
10.527725,0.40017852
10.637404,0.40192905
9.655298,0.38989457
11.044636,0.3965142
10.390682,0.40489882
9.987907,0.39604464
10.452629,0.39533153
10.057783,0.39311916
11.283266,0.38916764
10.071067,0.41164738
9.601112,0.37430975
10.396152,0.39587644
10.771315,0.38630006
10.287509,0.40875623
10.261648,0.40931132
10.2684765,0.39878958
10.268844,0.40003133
10.681462,0.40560684
9.810046,0.39142284
10.274418,0.38604322
10.987142,0.38484108
10.576885,0.40472546
10.869205,0.40048024
9.757797,0.38587606
10.120919,0.40209076
10.1549835,0.3836169
10.224425,0.4063719
10.224425,0.4063719
9.975104,0.39240476
10.457509,0.39727902
10.250881,0.39410335
10.468676,0.40394673
10.21043,0.38716996
10.701924,0.39653254
10.586407,0.39358342
9.854812,0.3903942
10.613779,0.39331296
10.661253,0.38109586
10.30417,0.4042169
10.216075,0.3996858
10.576502,0.3890973
10.193856,0.40671018
10.565498,0.3862271
10.289737,0.40605995
9.937682,0.38901085
9.734697,0.39090034
9.734697,0.39090034
9.951929,0.40712798
10.12117,0.39184895
10.639837,0.40684465
10.646311,0.4046213
10.111378,0.39976132
10.917992,0.3913601
9.590131,0.39877024
9.471531,0.38738886
11.271847,0.39891252
10.153961,0.39478162
9.816454,0.3867993
10.85914,0.40602797
10.17655,0.3855434
10.5634775,0.38061184
9.796127,0.37652433
9.946492,0.41985062
11.1808605,0.40543482
9.550078,0.3856259
9.716141,0.38467622
10.95693,0.40219715
10.710356,0.39768374
9.978004,0.38930628
10.432039,0.39832336
10.260843,0.39799795
10.309389,0.39812195
10.309389,0.39812195
10.458182,0.38639858
10.160246,0.39859334
9.847294,0.39215273
9.976051,0.40215826
10.791355,0.39275146
9.63001,0.39752585
10.319629,0.3982588
10.154402,0.40418068
10.128898,0.4004661
10.523632,0.38510627
10.523632,0.38510627
10.523632,0.38510627
10.348458,0.40309343
9.91241,0.40316612
9.822717,0.38540837
9.618704,0.37753978
10.564183,0.38914764
9.975235,0.40158084
11.482173,0.38451412
10.497042,0.38249534
10.468653,0.37918314
9.564951,0.38633516
11.013731,0.3983981
10.802748,0.38428637
9.577564,0.40587303
9.824801,0.39334896
10.856976,0.39834693
9.822094,0.3928931
10.91958,0.38729712
10.068428,0.39577025
9.890681,0.39884743
10.060459,0.39932775
9.919159,0.38596806
10.899212,0.38195774
10.899212,0.38195774
10.50135,0.39335388
10.0363865,0.39281943
10.1222105,0.3943795
10.610651,0.39472437
9.966514,0.39262727
10.894686,0.40698355
9.513713,0.3809857
10.370655,0.39655426
10.404086,0.3950468
10.214504,0.39583376
10.38987,0.39332038
10.213647,0.39873877
10.303617,0.4208639
9.920751,0.3971459
11.197801,0.3865103
10.338525,0.39237055
10.323623,0.39117453
10.527384,0.38226053
9.568106,0.3838829
11.198439,0.4067164
9.410791,0.38852516
10.215015,0.38900954
10.853433,0.39055964
10.029931,0.39622936
11.255036,0.40924543
10.725907,0.41610226
10.789937,0.39762643
9.823236,0.39362454
10.668419,0.39604303
10.434995,0.41681764
10.406897,0.40178773
10.108057,0.39153358
10.236696,0.41428843
10.263106,0.3743129
9.422731,0.38957328
11.172964,0.40254825
9.852921,0.39753747
10.820632,0.39147636
10.99885,0.41022655
9.919635,0.39903927
10.833374,0.40785626
10.213164,0.380844
10.57894,0.39644215
9.531889,0.38153073
10.0761175,0.38499686
10.567133,0.39591768
10.628811,0.397586
9.982604,0.39431265
10.756882,0.39451113
10.440248,0.4023507
10.409909,0.39181888
10.099312,0.39820284
10.209946,0.38215798
10.521314,0.4037345
10.809828,0.40231565
11.051669,0.39668953
11.259427,0.3953623
9.248757,0.39368835
10.83161,0.40421182
10.83161,0.40421182
10.941208,0.406456
10.2586565,0.39864725
9.564338,0.4081957
9.607625,0.39546233
9.640283,0.38343883
10.919143,0.40509266
11.172642,0.40281254
10.82095,0.3726464
10.663399,0.40212512
10.663399,0.40212512
9.983416,0.39645034
11.077801,0.38065153
9.928661,0.39571413
9.833154,0.38673705
10.255969,0.36902168
10.334024,0.41349608
9.759432,0.3894288
10.82299,0.39043352
10.153509,0.39969495
10.312772,0.42532372
10.462469,0.41266185
9.9911375,0.40612152
10.867532,0.38341948
10.573473,0.37154898
11.778093,0.40650392
9.63129,0.39207548
10.47447,0.4019098
10.553572,0.41015103
9.368737,0.38556927
10.355124,0.4008069
9.977478,0.38564852
9.409822,0.38742557
10.173918,0.4025108
10.448383,0.40051553
9.855738,0.3913046
10.718029,0.40006176
10.593405,0.3914778
10.1400585,0.3886333
10.221025,0.3936622
10.443504,0.4016919
11.223778,0.39796618
11.598268,0.39599007
10.824087,0.38561672
9.867415,0.40266225
10.077225,0.39938134
10.493494,0.3937417
10.007005,0.39224413
10.464318,0.40703452
10.275145,0.40155485
11.219971,0.3896177
10.209997,0.39144567
10.265867,0.38225186
10.082159,0.39701682
10.430132,0.39918855
10.228012,0.3907868
9.812584,0.41875842
11.072811,0.38132754
11.195721,0.3958506
10.252478,0.39535987
10.726526,0.38716763
10.429764,0.39988282
10.197965,0.4079406
10.481981,0.37875712
9.925066,0.40747413
10.1045,0.39200035
10.1045,0.39200035
10.785716,0.39092064
10.4660425,0.41392905
10.283297,0.3958542
10.400927,0.39077333
10.07045,0.39885962
10.946358,0.411888
10.226683,0.38272396
10.735901,0.40862527
9.976674,0.3920212
11.063171,0.39836544
10.403555,0.37417564
10.212459,0.40607378
9.732666,0.37467897
10.369251,0.3832601
10.308111,0.40879256
10.308027,0.40486747
10.58653,0.39784306
10.520252,0.41665584
10.541532,0.3866111
10.208973,0.40777236
10.260651,0.39840278
10.432726,0.3934826
10.195179,0.3826638
9.862112,0.40513274
10.689266,0.40019563
10.58032,0.38327304
10.654726,0.38769615
10.806857,0.40279892
10.256952,0.39602423
10.299669,0.3891351
10.150496,0.3966582
10.563437,0.38404152
10.8467045,0.39169812
11.261854,0.3788801
11.052137,0.38387382
11.0343895,0.40804893
11.0343895,0.40804893
10.627741,0.38291448
10.086071,0.42254186
11.564545,0.37946883
10.480812,0.39787486
10.834454,0.3835522
10.842128,0.38064688
9.671562,0.3937817
9.263431,0.39983818
10.083063,0.3983723
9.838453,0.3962048
10.809505,0.39049742
10.307194,0.4165464
9.731112,0.37184837
9.731112,0.37184837
10.654923,0.40320086
9.893526,0.39488032
10.762241,0.38789403
10.275831,0.3993132
10.487347,0.39665055
10.240947,0.39014572
10.182154,0.39653757
10.327975,0.39060903
10.107704,0.39651108
10.107704,0.39651108
10.384142,0.38557115
9.780839,0.39959836
10.761335,0.39185545
10.715351,0.4107588
9.741479,0.39047405
10.989164,0.39691
11.887968,0.40251902
9.810647,0.39018628
10.545317,0.3986582
10.239125,0.38287583
10.348843,0.40421993
10.692636,0.41021693
10.600522,0.40778044
9.930683,0.37907714
10.3583765,0.378722
9.348232,0.39240122
11.343683,0.39875203
9.356909,0.38636622
10.066434,0.40213278
10.467529,0.3862171
10.153851,0.3773561
10.109864,0.4082601
9.9097395,0.4020629
10.803773,0.38631856
10.277757,0.4040655
10.645734,0.39455423
10.918802,0.3974739
10.254211,0.40786073
10.746014,0.40725058
9.8512335,0.38054204
9.8512335,0.38054204
10.250486,0.40757585
10.257654,0.3817633
10.782886,0.40220046
10.182919,0.39534137
10.560197,0.38955617
10.623201,0.40768927
11.062018,0.40809396
9.391641,0.38812438
9.711332,0.39008933
10.2587,0.41925097
9.882913,0.38789964
11.146094,0.3821137
9.595288,0.38909024
11.139835,0.4149799
10.732315,0.39694628
10.534175,0.39113307
10.152403,0.39766413
10.06158,0.39106074
9.918977,0.38784236
9.937912,0.39198095
10.376274,0.39586622
9.984256,0.38342857
10.953279,0.41167822
11.084107,0.4142855
10.162092,0.40187997
9.880742,0.39492944
10.348678,0.3967313
10.6340885,0.39787307
10.8053055,0.38057166
10.318109,0.38721222
9.891773,0.3982028
10.764579,0.38076615
9.742533,0.3841774
9.76075,0.38971046
10.330758,0.3914306
9.63802,0.3904486
10.463954,0.39134163
10.18328,0.39367884
10.20339,0.39416113
11.0699415,0.40731376
10.207132,0.3915893
10.207132,0.3915893
10.4021435,0.40547225
10.271544,0.38125283
9.828813,0.4123176
9.836287,0.39002803
10.863361,0.41169992
10.666595,0.38033062
10.666595,0.38033062
10.666595,0.38033062
9.94965,0.39079377
10.003949,0.39775053
10.347319,0.40054718
10.347319,0.40054718
10.67036,0.4053825
9.663546,0.3784102
9.655423,0.38331068
9.31905,0.38111505
10.058159,0.38501516
10.6145735,0.4018273
10.493431,0.39252028
10.240801,0.39736626
9.908436,0.39748842
10.993506,0.39965677
11.320732,0.39842328
9.784895,0.40073323
9.561062,0.40896785
9.62507,0.399148
10.538061,0.37953225
10.848067,0.40590483
10.918458,0.3846374
10.518347,0.39926252
10.271936,0.4005302
10.380758,0.39175272
10.380758,0.39175272
10.319678,0.40006146
10.278561,0.39318505
10.4049,0.38974717
9.427508,0.41617095
9.987812,0.3936338
10.50824,0.38502088
10.634679,0.39905185
10.017931,0.3916036
10.526424,0.38734105
10.129927,0.39034992
10.62927,0.39787048
10.810457,0.4022386
10.579838,0.38081712
11.257347,0.39285728
10.183613,0.39962232
10.619352,0.40298575
11.296391,0.39941147
9.6101055,0.38015968
9.289052,0.3875873
10.430952,0.40493283
10.430952,0.40493283
10.34025,0.3989812
10.682907,0.38656542
9.129902,0.3833656
9.078293,0.38180035
9.470689,0.38699514
10.584066,0.4039817
9.915752,0.3842592
9.741655,0.37999174
9.554558,0.4060214
9.788488,0.40068063
9.942307,0.38917086
10.620325,0.38496897
9.934702,0.3890306
9.750555,0.38804182
9.841841,0.41033366
10.385843,0.38979056
11.103117,0.3917955
11.061897,0.40423137
10.069014,0.41194037
10.198662,0.37308106
9.641464,0.3852068
10.292662,0.3938923
10.524884,0.39322874
10.934587,0.41510296
10.608965,0.41936725
11.2118435,0.4259499
11.132996,0.40800473
11.12385,0.3905756
10.792213,0.391933
10.668477,0.39292532
10.054531,0.39502928
10.942348,0.393634
10.087107,0.38456097
10.103416,0.3744394
9.945793,0.4119635
10.810145,0.39667198
9.900161,0.39627293
10.361105,0.4066722
10.168808,0.3815695
11.079912,0.39080822
10.334247,0.41389465
10.165736,0.40686542
10.765936,0.41362634
10.592827,0.38790873
10.40106,0.38405156
10.791368,0.38673016
9.863584,0.39380762
10.656905,0.39680132
9.794617,0.378929
10.197632,0.40029585
10.168936,0.39018622
10.346615,0.3973582
10.283625,0.40538874
9.629248,0.39639986
10.793284,0.3944732
11.026094,0.39921632
8.256715,0.3822073
9.226326,0.37594092
9.408396,0.37676278
10.853073,0.40313396
10.6020355,0.39376116
10.603378,0.39625847
10.257889,0.38764843
11.184252,0.39459023
10.537548,0.40314662
10.190891,0.38854024
10.397128,0.394624
10.397128,0.394624
10.289805,0.39344865
10.975909,0.39447898
11.139597,0.3882275
11.612196,0.38246888
10.683299,0.39865258
10.570003,0.39811808
10.34717,0.40405345
10.271405,0.4025205
10.454596,0.40080962
10.103756,0.39697957
10.307779,0.3934428
10.307779,0.3934428
10.18473,0.39124894
11.037539,0.39422685
11.306932,0.39435288
9.588938,0.38239008
9.77201,0.3880938
10.88545,0.40081215
10.6020565,0.39464137
9.968143,0.3892843
9.91788,0.39438894
10.518404,0.3925827
9.359144,0.390308
10.644533,0.38782883
10.548737,0.41099083
10.067806,0.38118595
10.117836,0.38105953
9.8866005,0.3756991
9.868192,0.376577
10.400118,0.40423614
10.648729,0.40338698
10.541821,0.4002301
10.996933,0.40232807
9.952506,0.4044024
10.685433,0.3819243
9.616356,0.4032196
10.122329,0.40275878
10.376054,0.38747603
10.513254,0.4020332
10.798352,0.38988572
9.821441,0.39085403
9.585696,0.41095543
10.182163,0.37482536
10.182163,0.37482536
11.341364,0.39652348
11.449421,0.39812687
9.796992,0.40107203
10.919716,0.3850604
9.810615,0.4032272
10.9036665,0.39863417
10.672257,0.40369117
9.986091,0.38294068
9.990371,0.38796216
10.574421,0.3984576
10.295742,0.3991325
10.463989,0.4036923
10.169836,0.38368016
10.111605,0.37451324
10.071432,0.401815
9.850426,0.40228263
11.524906,0.396269
10.055862,0.39866415
11.40536,0.39610142
10.056358,0.40004995
9.784601,0.407848
9.784601,0.407848
9.734367,0.38244826
10.689569,0.3875794
10.685258,0.38456357
10.009136,0.4031607
9.754866,0.37421268
10.057083,0.38088015
10.212249,0.409259
9.875408,0.39021683
9.857544,0.3895579
9.974058,0.39289698
10.3905115,0.3906175
10.014471,0.39998445
11.192913,0.39215577
10.8275585,0.4025644
10.440932,0.3987474
11.048989,0.38336524
9.14517,0.38763064
10.294568,0.37658027
10.552716,0.37158257
10.735962,0.39253274
10.772781,0.3900762
10.282538,0.41226313
9.730402,0.3907046
10.339782,0.38873956
10.754969,0.3922632
9.659537,0.39180776
10.742381,0.39927658
11.05911,0.4060975
10.213625,0.3998332
10.532022,0.3887545
9.669692,0.39869067
9.388083,0.3958237
11.383144,0.39626428
11.65747,0.39311367
12.049773,0.3942195
12.049773,0.3942195
11.262934,0.39387706
9.369041,0.40719414
11.068701,0.38163552
10.652633,0.3849441
10.635645,0.38920677
9.693972,0.4031959
10.053221,0.37874633
9.954515,0.38286513
10.111879,0.40858904
9.993894,0.4084895
10.687633,0.38094035
10.322432,0.39347726
10.195762,0.39251333
10.377115,0.39857194
10.194743,0.3871565
9.309051,0.3840591
10.025797,0.41171154
11.496038,0.39394242
10.155726,0.4004609
10.195616,0.3890191
10.195616,0.3890191
10.31288,0.40546188
10.2170105,0.39941493
10.062033,0.4170837
10.495838,0.3994825
10.950594,0.38545778
10.355075,0.40173203
10.386923,0.39399713
9.997199,0.4059039
9.720575,0.40831348
11.015004,0.37992257
10.008458,0.39939952
9.284783,0.37813792
10.260102,0.3863328
10.220319,0.38817984
10.731261,0.40230426
9.995404,0.37990618
10.864776,0.40380532
10.526131,0.3917165
10.526131,0.3917165
10.903635,0.40157086
9.982044,0.38274637
10.641356,0.39885297
9.871288,0.38856995
10.097998,0.37921435
10.412816,0.37535465
9.658603,0.40037465
10.902858,0.3899147
10.717816,0.40318713
9.73638,0.3945336
10.895221,0.39440522
9.847962,0.3865063
11.021957,0.39092225
10.313534,0.39461252
10.282217,0.39422867
10.396099,0.39663517
10.180913,0.39416805
10.743009,0.39499086
10.217965,0.38087013
9.7403755,0.3932463
10.572084,0.38555357
10.575541,0.3899997
9.745058,0.3976221
10.967973,0.38830295
10.895008,0.39144388
10.487126,0.39225218
9.492757,0.39417934
10.604369,0.39872485
10.754479,0.40418464
9.393672,0.4089842
10.358729,0.39429188
10.381849,0.39633334
10.259963,0.38885382
9.931159,0.3818653
10.743549,0.40880513
9.308942,0.38838318
10.047005,0.39234987
10.589049,0.3944367
10.382988,0.37930664
9.845161,0.40358648
9.715897,0.38243777
9.927037,0.3967008
10.120362,0.40268204
10.198089,0.3934385
10.582444,0.38560462
10.622525,0.41374955
10.836306,0.40298706
9.901724,0.38788652
10.157594,0.386665
9.878324,0.40512037
10.857323,0.38554698
9.50335,0.39271468
9.8242655,0.38586086
10.7122755,0.39853278
9.921051,0.3980805
10.294791,0.39509082
10.755451,0.39381996
10.2172,0.3870262
10.320438,0.39063182
10.358641,0.39859778
10.299967,0.38178343
10.85833,0.38822478
10.371721,0.404074
9.71849,0.38794038
10.312786,0.41245237
10.247368,0.40867564
9.90082,0.38841444
10.199611,0.39506096
10.305634,0.3944891
10.233566,0.39804325
10.516691,0.39090133
10.316293,0.4002485
11.000903,0.37356433
9.385519,0.40036327
11.723488,0.40051535
11.257602,0.39818567
10.335217,0.3980631
9.8863535,0.39366716
10.719281,0.395789
9.743548,0.38537753
10.9382,0.40203217
10.622169,0.40462437
10.705936,0.38881165
9.33907,0.4075693
10.053338,0.4015601
10.719511,0.38631892
10.719511,0.38631892
9.931078,0.39221483
11.148893,0.38012537
10.691572,0.38963816
9.578427,0.37689
10.167881,0.38197336
10.44019,0.39957485
10.509668,0.3993527
10.083955,0.39302003
10.452768,0.4060628
10.185201,0.38933435
11.004106,0.4017461
10.759821,0.38377962
10.866993,0.4117666
10.435887,0.3978766
10.432358,0.41456622
10.188831,0.40952685
10.226966,0.41771019
9.876644,0.38732937
10.80906,0.39706826
10.182275,0.3908871
10.182275,0.3908871
9.815303,0.41062352
9.897371,0.40717632
10.468261,0.37780368
10.245192,0.40212756
10.242507,0.3980654
10.256773,0.3730835
10.081652,0.41521686
10.29772,0.40218163
10.404959,0.38499898
10.714373,0.39702868
10.172197,0.40074524
9.596144,0.3958933
10.614378,0.39019823
9.922137,0.39894497
10.447668,0.410317
10.447668,0.410317
10.352206,0.40685275
9.959107,0.3975532
10.271107,0.38438115
10.218158,0.4039246
10.137404,0.3957018
10.509425,0.40478635
10.647483,0.38578472
10.014822,0.40276185
10.15311,0.392313
10.303629,0.39890566
9.734941,0.41146114
9.852921,0.41478157
9.647185,0.41719317
9.54444,0.3582213
9.799816,0.4189525
10.3518505,0.40887025
10.334488,0.38171348
11.236175,0.41020742
11.01219,0.41610786
10.536257,0.40891793
9.800356,0.3836325
10.135761,0.3942157
9.851503,0.3915045
10.652023,0.39605248
9.708807,0.3983765
9.813524,0.38057768
10.811153,0.41278043
9.9136505,0.37953812
10.396806,0.39308244
10.326017,0.38204437
10.419373,0.3993973
10.241396,0.3923656
10.442314,0.3954235
10.074412,0.39073578
10.371231,0.39751613
10.548426,0.4052827
9.712349,0.38969734
10.175405,0.39974
10.051661,0.38665134
10.408735,0.4002424
10.27393,0.39004532
10.652597,0.38382724
11.017809,0.37554774
9.443787,0.4035163
10.34116,0.3974333
9.973754,0.3782326
9.973754,0.3782326
9.303224,0.38975516
9.944823,0.37637937
10.64644,0.40623468
10.64644,0.40623468
9.917447,0.3938202
9.920195,0.39511245
10.006072,0.3834968
10.598101,0.40695843
9.749144,0.3896126
9.974938,0.40965137
10.439688,0.37577298
10.0404005,0.37936983
9.949189,0.3821975
9.941284,0.3863218
10.783477,0.38388032
10.453416,0.37306124
10.20905,0.3838097
10.35622,0.3757098
10.180481,0.3970599
9.542984,0.40044257
9.406769,0.40554997
9.043812,0.3900874
9.227883,0.38957584
10.351612,0.39353442
9.917123,0.39591387
9.900572,0.37975892
10.686624,0.4085039
10.893623,0.37055647
10.569761,0.40703362
10.36821,0.40425748
10.108891,0.39294946
10.083111,0.4088791
10.699937,0.39607874
10.118915,0.39354867
10.118915,0.39354867
10.472042,0.3944165
10.167232,0.39347154
9.499474,0.37796563
9.497633,0.38086176
9.964532,0.39954302
9.76341,0.39845225
10.844336,0.39138204
10.130124,0.39706272
10.440527,0.39358544
10.440527,0.39358544
10.212727,0.3942293
11.2503605,0.37980083
10.125807,0.40735152
10.489649,0.41091776
10.467667,0.4084021
10.816289,0.38110998
9.486485,0.38818917
10.560156,0.40375564
10.557513,0.38556495
10.506988,0.3902085
10.696095,0.4046187
10.178112,0.40643638
10.287136,0.40815806
10.519626,0.40132868
9.88516,0.40571788
11.29435,0.40476894
10.011978,0.38407046
10.299601,0.39429837
10.225832,0.3986623
10.184547,0.40128288
9.911778,0.38071835
10.556088,0.4038334
10.151115,0.39396897
10.438513,0.39722484
10.474859,0.3881757
9.837524,0.40291956
9.644711,0.40342867
9.989218,0.38887396
9.963009,0.39438358
10.201467,0.40095985
10.4896965,0.39184088
10.176937,0.396789
9.981154,0.38891587
10.628435,0.3813944
10.539534,0.38274166
10.233808,0.39523697
10.494229,0.39667642
9.976387,0.39126363
10.34908,0.39078876
9.969563,0.3963383
10.74064,0.39110813
9.965877,0.40208665
10.085785,0.39795408
10.037645,0.39579752
10.507408,0.39124587
10.642933,0.41460925
9.977183,0.3727395
10.040424,0.37687212
10.676378,0.4080422
10.815938,0.39218056
10.802128,0.37944648
10.739037,0.38054892
11.482473,0.37063876
10.751095,0.4055148
9.943233,0.39672634
9.983051,0.39553592
10.734273,0.39480868
9.963334,0.3855535
10.027374,0.39561945
10.75709,0.39727324
9.824907,0.38720167
9.814493,0.3820678
9.814493,0.3820678
9.847821,0.4037159
10.728864,0.3881813
9.874052,0.4031665
11.074128,0.3950674
10.605093,0.4060188
9.963428,0.41397405
10.711962,0.38802624
11.305159,0.40844128
9.0895195,0.37613574
11.218558,0.3929521
10.318851,0.394791
10.080061,0.37987593
10.779541,0.4026509
10.996133,0.39425883
10.351454,0.41050047
10.364443,0.40440974
9.813644,0.37820986
10.943624,0.40693364
10.943624,0.40693364
10.719337,0.4045536
10.429428,0.3894845
10.014459,0.39455983
11.075166,0.38901982
9.7015085,0.40223858
9.609295,0.37758854
10.456068,0.38849363
11.687069,0.3907129
9.778284,0.39294598
10.546642,0.38556552
10.091949,0.37939507
10.6153965,0.4048393
9.572222,0.39512756
11.107946,0.398977
11.021107,0.4048318
10.928641,0.3840053
10.615761,0.384296
10.615761,0.384296
10.615761,0.384296
10.105206,0.38322225
10.341547,0.4046189
9.046216,0.39573357
10.138235,0.3822539
9.456954,0.38881353
9.114776,0.39240745
9.998405,0.39277792
10.203351,0.38439763
10.222239,0.40136665
11.481247,0.38563484
10.218311,0.39406925
10.218311,0.39406925
10.039451,0.38881597
10.535333,0.40107384
9.794825,0.39798203
10.217171,0.3999988
9.909111,0.38754806
9.573639,0.39543545
9.73353,0.39753324
10.092411,0.402354
9.901948,0.3906936
10.66416,0.39665303
9.953793,0.39567423
9.846441,0.38955167
10.580706,0.3983815
10.091768,0.39681944
10.560516,0.40082145
10.119877,0.38701028
9.884105,0.39123794
10.862089,0.40217742
11.009112,0.3858628
11.467733,0.37973985
11.16669,0.37813264
10.6890545,0.39357913
9.846377,0.37977278
10.967052,0.3857368
9.671694,0.3950309
9.702281,0.38065037
10.234291,0.39014325
9.457693,0.37775633
9.453785,0.37651554
9.453785,0.37651554
9.646953,0.37660763
11.463318,0.40161338
10.644077,0.4070364
9.976091,0.389053
10.599827,0.39895165
10.198382,0.3927157
9.979646,0.38167456
10.536026,0.4044838
10.5405035,0.3810877
9.715149,0.40166053
10.570182,0.39828247
10.847791,0.38115907
9.608738,0.40477622
9.2310505,0.40807277
9.485904,0.4081814
9.533994,0.40526462
9.089129,0.41400883
11.432507,0.3728596
11.116644,0.38512745
10.329729,0.4045213
10.339273,0.39873627
10.857801,0.38755718
11.33963,0.39649865
10.17407,0.40519586
10.9585,0.3795403
9.369919,0.40457374
11.363504,0.38621816
10.335094,0.38696116
10.459078,0.40007722
10.40165,0.4020017
10.746559,0.39747858
10.138671,0.3863499
10.356517,0.39822322
10.413059,0.40995157
10.94652,0.39663002
9.630719,0.396662
9.511495,0.3920525
10.239397,0.40194076
10.112755,0.39405048
9.905743,0.40152454
10.063761,0.38905653
9.538505,0.39029387
10.490085,0.39421615
9.956178,0.40551743
9.810558,0.39764333
10.417042,0.38537627
10.2979145,0.39213994
10.739067,0.39713112
9.878822,0.39335734
10.528913,0.4063631
9.937962,0.3884574
10.140068,0.38561806
9.649198,0.3905218
10.576509,0.38802263
10.513465,0.4103982
10.926367,0.4166337
10.543552,0.39013618
9.826696,0.3998681
10.516928,0.38291138
10.781644,0.39338678
9.779485,0.39450216
10.469758,0.39202467
10.469758,0.39202467
10.229138,0.3967159
10.902496,0.37743446
9.6435585,0.39169437
9.53506,0.38784754
10.803338,0.39418295
9.198432,0.39998153
11.4839525,0.39227903
11.07304,0.38882354
11.203493,0.3909953
9.747524,0.40485793
9.747524,0.40485793
10.885614,0.38954687
9.503517,0.4092302
10.4335985,0.40879625
10.209803,0.4029366
10.8538265,0.38976985
10.838856,0.41999176
10.917906,0.40564972
9.584848,0.3969055
9.463908,0.38922235
11.17948,0.40437332
9.484443,0.38779393
10.255614,0.38909963
10.6843815,0.39174792
9.882943,0.39461443
9.743458,0.39425194
10.954725,0.39878586
9.427048,0.38378105
11.072792,0.39741132
10.297276,0.38898018
9.944959,0.38669634
10.622774,0.39809754
10.707036,0.4014817
9.909615,0.3877737
9.804469,0.39393997
10.918365,0.40017116
10.807756,0.39454502
9.785422,0.4015747
9.635041,0.39097366
11.007881,0.40238962
10.882254,0.39358556
9.982666,0.3946223
9.8744545,0.41498673
9.836933,0.40766406
10.026276,0.41008875
10.71773,0.42071417
9.896254,0.36268517
9.590057,0.41051805
9.893616,0.37336603
11.147657,0.40974453
9.686885,0.41375616
10.162262,0.3866883
10.094095,0.4036418
10.147318,0.3914853
11.069078,0.38985687
10.986039,0.3930044
9.735904,0.3977204
9.43474,0.39786214
10.426922,0.3995508
10.37525,0.39361292
10.54402,0.41503707
11.167638,0.39564738
9.951887,0.39852476
10.538538,0.39676696
10.848016,0.37619874
10.442939,0.3778864
10.57659,0.3731346
10.791972,0.41195637
9.650171,0.3930542
9.677744,0.39466107
10.56413,0.395688
9.68616,0.3884554
9.470724,0.392226
9.586688,0.3939876
9.586688,0.3939876
9.998431,0.3814996
9.894895,0.40144524
10.167741,0.38138056
10.194192,0.37755635
10.091295,0.37825963
10.240768,0.4072924
10.383352,0.38739395
9.947334,0.39628592
10.816227,0.38135192
10.598577,0.3814488
9.395175,0.4086475
9.252566,0.4081748
10.158393,0.3872685
10.396957,0.40907538
10.618269,0.3799594
10.765441,0.37985343
9.693097,0.4093763
10.049132,0.4055454
9.981689,0.38884702
9.401527,0.3771817
9.517027,0.3763643
11.799857,0.40413782
10.669375,0.3919819
9.117447,0.4006003
9.166995,0.40181515
10.400118,0.40085548
10.156313,0.3908901
10.032033,0.37749076
9.960907,0.41046804
9.866195,0.40090835
9.69536,0.40640774
10.005321,0.39035663
10.576918,0.40224698
10.05254,0.40020213
10.039678,0.38264045
10.132943,0.3761867
9.642607,0.38119975
10.589476,0.38930255
9.971647,0.4042554
10.518673,0.39162913
10.148059,0.4030707
10.524463,0.38740534
10.676683,0.38786054
10.60969,0.3902457
11.036081,0.40160522
9.688691,0.39171833
10.931951,0.39436287
10.389974,0.37852767
11.130225,0.40853256
9.984525,0.39639962
10.663852,0.40656072
10.315182,0.37908143
10.560841,0.40866247
9.811312,0.39428037
10.730082,0.3948958
9.818828,0.39615244
10.842084,0.40924522
9.553554,0.40378666
10.212833,0.39178723
10.322394,0.39718515
10.357786,0.3975312
10.357786,0.3975312
10.055386,0.3874589
9.566285,0.40191382
10.776512,0.40080538
10.784323,0.39669347
9.825125,0.40377086
9.719279,0.37914827
10.546494,0.38441148
9.55713,0.39743775
9.898429,0.38582695
10.677304,0.394966
10.553862,0.3911209
9.98826,0.38297135
10.151682,0.3837707
10.124122,0.3798404
11.020454,0.4026087
10.840526,0.39415735
9.837421,0.39996937
10.378994,0.39392182
10.245328,0.39862394
10.353117,0.39291033
10.353384,0.3996338
10.290715,0.39634055
10.395868,0.41185588
10.221917,0.41600642
10.010642,0.39580485
10.606223,0.39617893
10.111691,0.39991683
10.875948,0.40664783
10.190425,0.4067886
11.1057005,0.40106484
10.922199,0.3967182
9.76098,0.39515567
10.64698,0.4001909
9.871197,0.38635513
9.71649,0.3867547
9.820335,0.3836847
10.342913,0.40089625
10.077756,0.39885548
10.799022,0.37488878
10.412243,0.41067952
10.471886,0.40658128
10.256275,0.38394576
10.224435,0.40806058
10.233971,0.41489157
10.026087,0.38675797
10.894693,0.38907483
10.046578,0.3974282
10.560217,0.39495975
10.622166,0.39532503
10.17218,0.39686924
9.537152,0.38631395
9.981737,0.3972152
10.407236,0.40226552
9.279778,0.40377623
9.947289,0.39367324
9.818655,0.38738263
10.652704,0.40286395
10.729788,0.3986643
10.53038,0.37929487
10.0114,0.38270816
9.594552,0.385375
10.029663,0.39533073
10.75251,0.3899375
10.49741,0.40673286
10.736851,0.37933576
10.007014,0.41147986
10.896281,0.39699122
9.246707,0.4025417
10.381978,0.40762675
10.434243,0.40371084
9.95482,0.38354963
10.580477,0.40706223
10.468281,0.39224073
9.991635,0.38757786
9.023974,0.39170936
9.390873,0.39092174
10.196683,0.40080082
10.054686,0.37873784
10.623781,0.41053268
10.414745,0.41549504
10.656818,0.37310085
10.728662,0.38074
10.911819,0.3750873
10.911819,0.3750873
10.776833,0.37986946
9.906898,0.41354516
9.926157,0.4132934
10.38056,0.36823314
10.323601,0.41942513
10.226488,0.38507405
10.361832,0.40284646
10.93815,0.4077313
10.21892,0.38027865
10.911661,0.39828625
9.701078,0.3819519
11.069183,0.39834204
10.462861,0.3968979
10.009146,0.3955039
9.483441,0.40667814
11.212705,0.38389844
9.908972,0.38260815
10.181447,0.3988893
10.288046,0.3907823
10.3273325,0.3945583
10.19372,0.39532778
10.598761,0.39187816
9.620834,0.39270353
11.488756,0.3878008
10.247099,0.42064026
10.176836,0.3669993
11.006371,0.37363344
10.761127,0.41967633
10.761127,0.41967633
9.78714,0.36875954
10.086681,0.3750758
10.280977,0.40992486
10.419802,0.3978893
10.815531,0.3913217
10.377385,0.37948766
9.9748955,0.39230126
10.162017,0.383645
9.693844,0.4026539
10.061004,0.38514268
9.758218,0.3978331
9.944769,0.3943668
10.118931,0.3825121
10.237959,0.3759713
10.302064,0.4008536
9.836727,0.3870285
10.22019,0.3924315
10.8720255,0.38704976
10.040362,0.40380377
9.352209,0.39905858
10.325555,0.3951175
9.987637,0.3886266
10.259153,0.39686686
10.267764,0.40479723
10.310471,0.39854687
10.64357,0.3956571
10.450705,0.3869733
10.105729,0.40350887
10.632461,0.3915378
10.029589,0.39425665
10.633801,0.4031345
10.633801,0.4031345
10.560272,0.40365484
10.00842,0.3896634
10.586858,0.40247518
10.24501,0.3881438
10.794098,0.3868838
10.866465,0.40409833
10.390541,0.389156
10.432835,0.40420276
9.779424,0.40104243
10.522325,0.38128546
10.466623,0.42160156
10.071739,0.40062034
10.551675,0.39468008
9.678051,0.38457248
9.641138,0.38527182
11.241335,0.4025864
10.326254,0.41215706
9.770277,0.4007111
10.876871,0.4036413
9.697136,0.38787794
10.517256,0.39153954
10.38614,0.3909925
10.456587,0.38414824
9.778986,0.40075392
11.357764,0.3986512
10.931959,0.3957664
10.120963,0.38133153
10.341455,0.40551773
10.337995,0.3862241
10.431694,0.38353032
10.451649,0.39131606
9.903466,0.38588622
10.734673,0.40693873
10.153056,0.39204845
10.076396,0.39691195
10.491178,0.38745505
10.253964,0.3863722
9.739142,0.41895798
10.574094,0.38891533
10.343113,0.40941688
10.006647,0.39836997
10.782824,0.39697957
9.397776,0.38024318
9.417491,0.38121387
9.697277,0.385238
9.196596,0.3881876
9.772725,0.40344954
9.587339,0.4105493
10.56903,0.38671452
10.269634,0.40994573
10.913172,0.40083885
10.450643,0.4023023
10.406336,0.37633315
10.133118,0.4142527
9.472269,0.39860666
10.278556,0.38320324
9.849489,0.39618883
10.433153,0.38143775
10.621401,0.3750338
10.070289,0.41325954
10.184618,0.4096859
10.420843,0.40398335
10.112468,0.39851096
10.600444,0.38873056
10.847343,0.40527737
9.960346,0.3855565
10.683164,0.4016363
9.853911,0.39136726
10.760363,0.39489055
10.525486,0.391823
10.132207,0.3880096
10.2586565,0.40484527
10.43005,0.38572162
11.189764,0.38900363
9.330849,0.39160788
10.279242,0.39821702
10.231719,0.40020806
9.943287,0.38776356
10.777568,0.395086
9.784023,0.39114085
9.366111,0.3979683
11.305085,0.3918295
9.472325,0.39925104
10.48102,0.39479604
10.530674,0.4072671
9.7907295,0.3668042
10.753069,0.38445863
11.120125,0.39980212
9.51599,0.39170593
10.306344,0.37761897
10.169149,0.40261474
10.072291,0.3891101
10.0085125,0.40052176
9.6733265,0.39158443
10.175695,0.39262494
10.226576,0.38328427
10.379528,0.40703347
10.023969,0.3790154
9.99382,0.4090507
9.99382,0.4090507
10.679797,0.38756335
9.707871,0.39784425
9.707871,0.39784425
9.807286,0.374226
9.33671,0.38811603
10.318293,0.38745025
10.318293,0.38745025
10.5049715,0.39567932
10.540436,0.3891715
10.506393,0.390083
10.12178,0.3989193
10.266369,0.4075881
11.246834,0.38788107
10.367683,0.39586237
10.815941,0.38389423
10.466941,0.3970264
9.825847,0.38918826
10.591768,0.40049016
10.067319,0.41106266
10.476103,0.40052068
10.399183,0.39876932
10.784649,0.38487226
10.523208,0.38741702
10.521341,0.39903808
10.413256,0.3934953
9.700582,0.39099866
9.74877,0.38734567
9.956554,0.38905334
10.759139,0.39990258
9.899408,0.39812747
11.083032,0.3970068
9.9080925,0.40384996
10.571049,0.3862545
10.605885,0.3843833
10.627363,0.4127021
10.211884,0.39575556
10.119735,0.4020833
10.591983,0.39031532
9.929457,0.41051587
10.502149,0.40296376
10.062378,0.39441684
11.476434,0.3926269
9.799887,0.37985474
11.15749,0.40664026
10.030883,0.39987314
10.647663,0.39293307
9.782325,0.39016688
9.782325,0.39016688
10.750244,0.40206313
9.816064,0.39018586
10.276005,0.39994663
10.409403,0.38847426
10.307713,0.3999099
10.771703,0.38900802
11.144471,0.39199317
9.463096,0.38359135
10.898752,0.4032307
10.396144,0.39279932
10.596178,0.39887345
9.793277,0.39035672
10.18008,0.40068766
10.097617,0.38377565
10.477809,0.40030128
10.325494,0.39459583
10.383268,0.37633035
10.712148,0.3996571
10.01869,0.38413975
9.926519,0.41530132
10.346417,0.3885887
10.116066,0.40138516
10.486251,0.38523164
11.18623,0.38363925
10.72003,0.37942123
11.015461,0.37865293
10.585258,0.3938594
10.13811,0.40045592
11.003262,0.3987859
11.003262,0.3987859
11.003262,0.3987859
11.17481,0.40106538
10.067029,0.39255816
10.551454,0.3994721
10.301936,0.39276272
10.395571,0.40379688
10.395571,0.40379688
11.157849,0.39962974
9.686458,0.38757914
10.380753,0.39977852
10.729805,0.3793092
9.528965,0.4065081
11.248585,0.38455504
9.509592,0.40627095
11.656609,0.39246267
10.41427,0.39727437
10.679445,0.4182017
10.124125,0.39636904
10.0377655,0.39111835
10.706377,0.3968043
10.687951,0.40526235
10.150108,0.3867541
9.877933,0.3870299
10.02785,0.39911574
10.02785,0.39911574
10.061116,0.38976347
10.229368,0.37706396
9.926124,0.41748667
10.108302,0.37584025
10.214542,0.41078615
11.093048,0.37455454
9.619796,0.40028486
10.626442,0.3860731
10.368584,0.3972626
10.64193,0.4016646
9.908527,0.39004475
10.190629,0.39786768
9.705738,0.39889148
9.977676,0.40011424
10.826861,0.39057922
9.879515,0.40078032
10.197729,0.40827668
11.1148205,0.38529265
10.952799,0.39807174
10.210321,0.3864309
10.328302,0.38401347
10.350983,0.39972377
10.211681,0.3896375
9.925972,0.3953702
10.811522,0.3835067
10.598713,0.38478813
10.558878,0.41350308
10.046521,0.39441958
9.518731,0.4043395
10.527416,0.38776645
10.482989,0.3892988
10.482989,0.3892988
10.101376,0.38651112
10.347787,0.3898745
10.6076565,0.3988986
10.050167,0.39857325
10.866734,0.3995028
9.903252,0.3978222
10.570252,0.38440248
9.952954,0.38196537
9.817428,0.39955163
9.643273,0.40303376
10.374523,0.3906548
10.113432,0.38322625
10.58655,0.39035216
10.045824,0.39241195
10.845701,0.3854773
10.845701,0.3854773
9.938236,0.39623582
10.636093,0.39454517
10.055467,0.39789245
10.127468,0.39559853
10.028792,0.40709913
9.874262,0.377896
10.27661,0.38138276
10.456868,0.41063797
10.187996,0.39531693
10.645034,0.39447713
9.663614,0.3855398
9.702524,0.3871968
10.752505,0.40271726
10.509856,0.42179266
9.831684,0.39676774
10.73621,0.38954467
9.903884,0.4011273
10.6887,0.38078064
10.6887,0.38078064
10.019715,0.395079
10.465089,0.39115375
10.039687,0.39569768
9.681637,0.3804469
10.1822815,0.37540314
9.905578,0.4023951
11.177196,0.4032763
10.299186,0.4075317
9.458,0.3985345
9.702515,0.39936987
10.963473,0.3771468
10.912124,0.38100535
10.972746,0.40029883
9.639299,0.3874997
10.07409,0.3849057
10.261071,0.37763137
10.462606,0.42170295
10.285697,0.39328715
9.659321,0.39568144
9.8166275,0.3953112
10.209511,0.39041
9.692908,0.40013948
9.618137,0.40480152
10.535265,0.40599748
10.787195,0.40413764
9.846763,0.3899201
9.966721,0.39039075
10.047729,0.4137443
9.746023,0.38678336
10.672398,0.38508794
9.7182045,0.3948702
10.96706,0.38733986
9.418495,0.38233027
10.33741,0.39034477
10.40555,0.4075143
10.765798,0.40266946
10.817459,0.4034408
9.817596,0.39134586
10.633893,0.39133468
10.354988,0.41098136
10.122275,0.3854064
10.103682,0.3849288
10.407155,0.4044587
10.727424,0.38733962
10.158037,0.39770746
10.158037,0.39770746
9.649691,0.3911411
11.135807,0.39611003
10.896483,0.39725465
10.265363,0.39093402
10.913929,0.40517887
10.138673,0.40711263
10.520584,0.402994
10.023947,0.3870278
10.284309,0.39447418
10.4679985,0.39800197
10.000663,0.39178213
10.032885,0.40277672
9.716761,0.3819058
9.653284,0.38047683
10.265678,0.38644472
10.3347025,0.40100825
10.100702,0.38567054
10.147294,0.38812053
10.362161,0.38860655
10.410763,0.4134452
10.601058,0.3772193
10.472637,0.37794167
10.209472,0.4157986
10.129999,0.41129187
10.652521,0.38836828
10.914143,0.38663065
11.345812,0.38428774
9.997307,0.3961167
10.203503,0.39599356
9.634591,0.38815907
10.967,0.39994273
11.200452,0.40256053
10.40591,0.4073793
10.32929,0.40330836
10.359517,0.40507486
10.403711,0.41201127
10.561163,0.39715
10.070409,0.39745748
10.855118,0.40617836
9.820773,0.3807314
9.680785,0.38675103
9.723575,0.3881504
9.866618,0.3905822
9.895625,0.39112875
10.543472,0.39858162
9.897966,0.3961777
9.894666,0.41439927
11.344685,0.4055824
9.262945,0.38584542
9.846098,0.40122584
9.597924,0.39051664
10.114096,0.38578537
10.136437,0.40082437
10.32668,0.38997185
10.226175,0.39878306
10.200607,0.39033785
10.20942,0.39454055
10.147417,0.39154342
10.229646,0.40575743
10.113454,0.40717754
9.920841,0.39961514
9.841561,0.38238415
10.678954,0.40154555
9.591272,0.39644566
11.09848,0.3913877
11.09848,0.3913877
10.357544,0.38671398
10.464927,0.39238438
9.721245,0.38589323
10.446791,0.40442592
10.155642,0.38334933
10.86397,0.40394375
9.85389,0.3857649
10.516486,0.4020352
10.221912,0.39138043
9.393804,0.3965619
11.084895,0.39129493
10.443367,0.39919984
10.215334,0.38444686
10.384154,0.39157262
10.444532,0.41090554
10.314771,0.39925188
11.191242,0.3845165
10.113543,0.39252865
10.760568,0.3933095
10.845166,0.39159423
10.939509,0.39284495
10.063829,0.3981918
10.485601,0.39053863
10.070606,0.39563245
10.51961,0.39603174
10.265103,0.3805924
10.128289,0.4064141
10.256781,0.37811935
10.694522,0.40944064
9.962607,0.40233287
10.382471,0.4146688
10.240316,0.41014007
10.415611,0.37659407
9.7621155,0.407778
9.7856865,0.4020041
10.016894,0.38739833
11.400148,0.3981176
10.292944,0.36853537
9.934543,0.39424804
10.524304,0.39341256
10.779492,0.397117
10.309062,0.3913538
10.78871,0.4032398
9.936038,0.3829124
9.17082,0.37925354
11.14156,0.3903713
10.904267,0.39371493
9.881671,0.40096432
10.272196,0.37869126
10.370363,0.38016745
10.272867,0.37801418
9.654272,0.40773952
10.593107,0.37594977
9.961992,0.39217532
11.003232,0.39699912
10.081993,0.38498208
10.1940365,0.38208714
10.336639,0.37774658
10.355687,0.41723084
10.261162,0.37708247
10.680973,0.39468968
10.365894,0.39815
9.886235,0.38330796
10.305462,0.4083508
10.079536,0.39683926
9.815773,0.41946077
9.95392,0.41168907
10.89365,0.40408364
9.80846,0.4131152
9.059296,0.40039086
10.894606,0.3948946
9.722102,0.40181708
11.794006,0.38273823
9.1189165,0.41004425
9.956396,0.38261646
10.127289,0.392471
10.564339,0.39867085
10.1853895,0.38475624
11.031475,0.4032026
10.991027,0.39771965
10.85993,0.378285
11.145661,0.38701063
9.659768,0.38537368
9.514457,0.40266
9.736818,0.39971495
10.990689,0.3929994
10.120575,0.38003013
10.152894,0.40399715
10.807903,0.38428527
9.817646,0.40317833
9.888555,0.3978861
9.94524,0.40095353
10.733177,0.39221114
9.9178705,0.3994718
10.9553995,0.39068902
9.788295,0.40269062
9.823078,0.376886
10.654974,0.41317973
10.695948,0.39123255
10.362355,0.3889045
10.698551,0.3963385
9.846716,0.39412287
10.459035,0.3720402
10.459035,0.3720402
9.722209,0.38502043
10.418274,0.38920677
10.761707,0.3939422
10.088072,0.39580974
10.326934,0.3859916
10.3567095,0.38358188
11.557579,0.40553883
10.189419,0.4056744
9.785532,0.3934755
9.813492,0.4049412
10.897663,0.38971344
10.015092,0.3949004
9.983432,0.39244267
10.506692,0.39851832
10.068116,0.39969698
10.227795,0.39123252
10.380132,0.3725844
10.11065,0.41822517
11.114858,0.37140733
10.808189,0.41216844
10.339111,0.3925178
10.704984,0.37910846
10.046377,0.39346558
10.046377,0.39346558
9.815813,0.40066823
9.654689,0.3796817
10.9629135,0.39918852
10.132864,0.38262188
9.438657,0.39805394
9.577002,0.39678815
10.26527,0.3839517
9.517838,0.40148252
11.133152,0.38566408
9.961501,0.3934576
10.359127,0.39771372
10.155734,0.39200926
10.155734,0.39200926
10.31956,0.39058048
9.643542,0.38620055
9.643542,0.38620055
10.199678,0.4061261
11.109204,0.39645976
10.096006,0.41331157
10.246137,0.41694826
10.218189,0.41791555
10.210543,0.3949088
10.187547,0.39249626
9.532353,0.399451
11.54863,0.4013167
9.268315,0.39203632
10.323526,0.40683618
10.4159565,0.40955177
10.230366,0.3800946
10.5153055,0.40715164
10.158078,0.38991496
9.952095,0.3905295
10.719657,0.3942295
10.878204,0.39077255
10.278929,0.41923344
10.165831,0.41476545
10.435612,0.41176927
9.7327385,0.37209252
9.7327385,0.37209252
10.449888,0.39045107
10.645613,0.3940413
9.597697,0.38249817
11.058142,0.4069087
11.09312,0.40881652
9.575383,0.39386094
10.383253,0.41284424
10.542444,0.40813613
10.085874,0.3856014
10.66686,0.4039218
10.312454,0.39497605
10.6068325,0.40898722
9.953434,0.39960384
10.468593,0.39487538
10.094646,0.38750097
10.560547,0.40417057
8.918173,0.3801852
10.863001,0.41177866
10.79435,0.41512293
10.589685,0.40639815
10.159546,0.38593766
10.538536,0.40161747
10.118388,0.39189678
9.488171,0.39716163
10.569756,0.38041818
10.452534,0.39022088
9.425156,0.4056784
10.83628,0.37857595
9.765282,0.38802308
10.394442,0.4044451
9.240435,0.3907819
9.140446,0.38909268
11.599329,0.40403965
11.011278,0.39898798
9.810872,0.38793886
10.813651,0.39344037
9.912275,0.4001786
10.803662,0.39045283
10.1743145,0.40416425
